indx,MATCHUP,rival,date,day,month,year,season,H/A,W/L,W,L,totW,totL,wlRatio,seasonW,seasonL,seasonWratio,MIN,PTS,FGM,FGA,FG%,3PM,3PA,3P%,FTM,FTA,FT%,OREB,DREB,REB,AST,STL,BLK,TOV,PF,gameType
1,10/17/2018 - TOR vs. CLE,CLE,10/17/2018,17,10,2018,18-19,h,W,1,0,1,0,1.000,1,0,1,240,116,45,92,48.9,14,33,42.4,12,20,60,8,35,43,21,6,7,9,29,regular
2,10/19/2018 - TOR vs. BOS,BOS,10/19/2018,19,10,2018,18-19,h,W,1,0,2,0,1.000,2,0,1,240,113,43,92,46.7,13,35,37.1,14,19,73.7,12,37,49,24,3,3,12,19,regular
3,10/20/2018 - TOR @ WAS,WAS,10/20/2018,20,10,2018,18-19,a,W,1,0,3,0,1.000,3,0,1,240,117,39,88,44.3,10,29,34.5,29,36,80.6,14,38,52,21,5,5,17,29,regular
4,10/22/2018 - TOR vs. CHA,CHA,10/22/2018,22,10,2018,18-19,h,W,1,0,4,0,1.000,4,0,1,240,127,50,87,57.5,15,39,38.5,12,14,85.7,5,41,46,36,10,8,13,21,regular
5,10/24/2018 - TOR vs. MIN,MIN,10/24/2018,24,10,2018,18-19,h,W,1,0,5,0,1.000,5,0,1,240,112,46,89,51.7,11,32,34.4,9,12,75,11,33,44,26,9,8,16,18,regular
6,10/26/2018 - TOR vs. DAL,DAL,10/26/2018,26,10,2018,18-19,h,W,1,0,6,0,1.000,6,0,1,240,116,44,91,48.4,11,27,40.7,17,20,85,12,38,50,23,10,5,12,22,regular
7,10/29/2018 - TOR @ MIL,MIL,10/29/2018,29,10,2018,18-19,a,L,0,1,6,1,0.857,6,1,0.857,240,109,39,103,37.9,9,45,20,22,28,78.6,15,36,51,25,9,7,10,19,regular
8,10/30/2018 - TOR vs. PHI,PHI,10/30/2018,30,10,2018,18-19,h,W,1,0,7,1,0.875,7,1,0.875,240,129,47,92,51.1,11,27,40.7,24,28,85.7,9,34,43,29,13,6,15,26,regular
9,11/02/2018 - TOR @ PHX,PHX,11/02/2018,2,11,2018,18-19,a,W,1,0,8,1,0.889,8,1,0.889,240,107,41,81,50.6,12,33,36.4,13,21,61.9,6,33,39,29,11,10,13,23,regular
10,11/04/2018 - TOR @ LAL,LAL,11/04/2018,4,11,2018,18-19,a,W,1,0,9,1,0.900,9,1,0.9,240,121,49,98,50,10,35,28.6,13,14,92.9,13,36,49,32,9,4,12,24,regular
11,11/05/2018 - TOR @ UTA,UTA,11/05/2018,5,11,2018,18-19,a,W,1,0,10,1,0.909,10,1,0.909,240,124,49,86,57,13,33,39.4,13,14,92.9,7,36,43,21,9,3,14,28,regular
12,11/07/2018 - TOR @ SAC,SAC,11/07/2018,7,11,2018,18-19,a,W,1,0,11,1,0.917,11,1,0.917,240,114,41,89,46.1,11,36,30.6,21,23,91.3,13,40,53,17,10,4,20,20,regular
13,11/10/2018 - TOR vs. NYK,NYK,11/10/2018,10,11,2018,18-19,h,W,1,0,12,1,0.923,12,1,0.923,240,128,42,79,53.2,14,35,40,30,40,75,12,34,46,24,8,4,15,20,regular
14,11/12/2018 - TOR vs. NOP,NOP,11/12/2018,12,11,2018,18-19,h,L,0,1,12,2,0.857,12,2,0.857,240,110,39,97,40.2,13,45,28.9,19,22,86.4,13,30,43,22,9,5,10,20,regular
15,11/14/2018 - TOR vs. DET,DET,11/14/2018,14,11,2018,18-19,h,L,0,1,12,3,0.800,12,3,0.8,240,104,45,92,48.9,4,20,20,10,17,58.8,12,37,49,23,9,3,20,19,regular
16,11/16/2018 - TOR @ BOS,BOS,11/16/2018,16,11,2018,18-19,a,L,0,1,12,4,0.750,12,4,0.75,265,116,42,97,43.3,8,29,27.6,24,29,82.8,11,32,43,20,12,4,13,23,regular
17,11/17/2018 - TOR @ CHI,CHI,11/17/2018,17,11,2018,18-19,a,W,1,0,13,4,0.765,13,4,0.765,240,122,48,89,53.9,14,35,40,12,13,92.3,8,46,54,31,14,10,23,24,regular
18,11/20/2018 - TOR @ ORL,ORL,11/20/2018,20,11,2018,18-19,a,W,1,0,14,4,0.778,14,4,0.778,240,93,39,87,44.8,9,34,26.5,6,8,75,6,37,43,23,7,5,16,19,regular
19,11/21/2018 - TOR @ ATL,ATL,11/21/2018,21,11,2018,18-19,a,W,1,0,15,4,0.789,15,4,0.789,240,124,48,90,53.3,11,29,37.9,17,23,73.9,14,41,55,33,6,1,17,21,regular
20,11/23/2018 - TOR vs. WAS,WAS,11/23/2018,23,11,2018,18-19,h,W,1,0,16,4,0.800,16,4,0.8,240,125,46,93,49.5,17,39,43.6,16,19,84.2,13,37,50,32,5,6,15,23,regular
21,11/25/2018 - TOR vs. MIA,MIA,11/25/2018,25,11,2018,18-19,h,W,1,0,17,4,0.810,17,4,0.81,240,125,47,90,52.2,11,35,31.4,20,25,80,11,36,47,25,4,7,9,21,regular
22,11/27/2018 - TOR @ MEM,MEM,11/27/2018,27,11,2018,18-19,a,W,1,0,18,4,0.818,18,4,0.818,240,122,42,69,60.9,18,33,54.5,20,28,71.4,4,27,31,25,5,5,15,18,regular
23,11/29/2018 - TOR vs. GSW,GSW,11/29/2018,29,11,2018,18-19,h,W,1,0,19,4,0.826,19,4,0.826,265,131,47,90,52.2,15,38,39.5,22,24,91.7,7,30,37,25,5,6,14,23,regular
24,12/01/2018 - TOR @ CLE,CLE,12/01/2018,1,12,2018,18-19,a,W,1,0,20,4,0.833,20,4,0.833,240,106,39,80,48.8,7,26,26.9,21,25,84,6,36,42,15,5,5,10,19,regular
25,12/03/2018 - TOR vs. DEN,DEN,12/03/2018,3,12,2018,18-19,h,L,0,1,20,5,0.800,20,5,0.8,240,103,40,87,46,11,41,26.8,12,12,100,7,34,41,28,11,5,17,21,regular
26,12/05/2018 - TOR vs. PHI,PHI,12/05/2018,5,12,2018,18-19,h,W,1,0,21,5,0.808,21,5,0.808,240,113,43,100,43,8,29,27.6,19,22,86.4,17,36,53,25,12,3,11,13,regular
27,12/07/2018 - TOR @ BKN,BKN,12/07/2018,7,12,2018,18-19,a,L,0,1,21,6,0.778,21,6,0.778,265,105,35,89,39.3,11,35,31.4,24,29,82.8,6,35,41,25,9,7,15,19,regular
28,12/09/2018 - TOR vs. MIL,MIL,12/09/2018,9,12,2018,18-19,h,L,0,1,21,7,0.750,21,7,0.75,240,99,39,94,41.5,15,44,34.1,6,7,85.7,11,34,45,24,6,11,11,21,regular
29,12/11/2018 - TOR @ LAC,LAC,12/11/2018,11,12,2018,18-19,a,W,1,0,22,7,0.759,22,7,0.759,240,123,50,96,52.1,14,29,48.3,9,12,75,10,33,43,34,8,6,7,22,regular
30,12/12/2018 - TOR @ GSW,GSW,12/12/2018,12,12,2018,18-19,a,W,1,0,23,7,0.767,23,7,0.767,240,113,44,91,48.4,9,28,32.1,16,19,84.2,10,38,48,27,12,3,11,17,regular
31,12/14/2018 - TOR @ POR,POR,12/14/2018,14,12,2018,18-19,a,L,0,1,23,8,0.742,23,8,0.742,240,122,43,78,55.1,18,31,58.1,18,21,85.7,6,31,37,20,4,4,16,21,regular
32,12/16/2018 - TOR @ DEN,DEN,12/16/2018,16,12,2018,18-19,a,L,0,1,23,9,0.719,23,9,0.719,240,86,35,88,39.8,7,35,20,9,14,64.3,13,38,51,13,5,4,11,16,regular
33,12/19/2018 - TOR vs. IND,IND,12/19/2018,19,12,2018,18-19,h,W,1,0,24,9,0.727,24,9,0.727,240,99,38,93,40.9,7,30,23.3,16,21,76.2,11,32,43,20,15,9,9,19,regular
34,12/21/2018 - TOR vs. CLE,CLE,12/21/2018,21,12,2018,18-19,h,W,1,0,25,9,0.735,25,9,0.735,240,126,48,91,52.7,9,31,29,21,26,80.8,13,31,44,21,9,5,8,23,regular
35,12/22/2018 - TOR @ PHI,PHI,12/22/2018,22,12,2018,18-19,a,L,0,1,25,10,0.714,25,10,0.714,240,101,37,95,38.9,10,40,25,17,19,89.5,8,33,41,17,5,2,15,24,regular
36,12/26/2018 - TOR @ MIA,MIA,12/26/2018,26,12,2018,18-19,a,W,1,0,26,10,0.722,26,10,0.722,240,106,37,79,46.8,13,30,43.3,19,23,82.6,10,33,43,19,8,2,16,16,regular
37,12/28/2018 - TOR @ ORL,ORL,12/28/2018,28,12,2018,18-19,a,L,0,1,26,11,0.703,26,11,0.703,240,87,28,95,29.5,12,34,35.3,19,24,79.2,14,27,41,18,4,10,11,21,regular
38,12/30/2018 - TOR vs. CHI,CHI,12/30/2018,30,12,2018,18-19,h,W,1,0,27,11,0.711,27,11,0.711,240,95,34,92,37,9,33,27.3,18,20,90,17,35,52,17,5,8,11,15,regular
39,01/01/2019 - TOR vs. UTA,UTA,01/01/2019,1,1,2019,18-19,h,W,1,0,28,11,0.718,28,11,0.718,240,122,45,82,54.9,7,20,35,25,35,71.4,5,40,45,18,4,6,9,21,regular
40,01/03/2019 - TOR @ SAS,SAS,01/03/2019,3,1,2019,18-19,a,L,0,1,28,12,0.700,28,12,0.7,240,107,39,87,44.8,6,30,20,23,29,79.3,9,30,39,21,9,6,10,23,regular
41,01/05/2019 - TOR @ MIL,MIL,01/05/2019,5,1,2019,18-19,a,W,1,0,29,12,0.707,29,12,0.707,240,123,42,82,51.2,14,31,45.2,25,31,80.6,4,34,38,28,9,6,11,22,regular
42,01/06/2019 - TOR vs. IND,IND,01/06/2019,6,1,2019,18-19,h,W,1,0,30,12,0.714,30,12,0.714,240,121,44,85,51.8,17,33,51.5,16,17,94.1,8,33,41,30,9,4,15,21,regular
43,01/08/2019 - TOR vs. ATL,ATL,01/08/2019,8,1,2019,18-19,h,W,1,0,31,12,0.721,31,12,0.721,240,104,37,80,46.3,10,32,31.3,20,27,74.1,6,33,39,26,18,7,18,20,regular
44,01/11/2019 - TOR vs. BKN,BKN,01/11/2019,11,1,2019,18-19,h,W,1,0,32,12,0.727,32,12,0.727,240,122,48,105,45.7,11,35,31.4,15,24,62.5,13,42,55,32,10,4,9,22,regular
45,01/13/2019 - TOR @ WAS,WAS,01/13/2019,13,1,2019,18-19,a,W,1,0,33,12,0.733,33,12,0.733,290,140,49,104,47.1,13,36,36.1,29,36,80.6,17,42,59,24,16,8,21,27,regular
46,01/16/2019 - TOR @ BOS,BOS,01/16/2019,16,1,2019,18-19,a,L,0,1,33,13,0.717,33,13,0.717,240,108,41,92,44.6,7,29,24.1,19,21,90.5,14,28,42,20,9,2,10,14,regular
47,01/17/2019 - TOR vs. PHX,PHX,01/17/2019,17,1,2019,18-19,h,W,1,0,34,13,0.723,34,13,0.723,240,111,43,86,50,7,28,25,18,25,72,9,30,39,27,8,8,14,27,regular
48,01/19/2019 - TOR vs. MEM,MEM,01/19/2019,19,1,2019,18-19,h,W,1,0,35,13,0.729,35,13,0.729,240,119,44,90,48.9,17,36,47.2,14,16,87.5,8,29,37,31,19,8,10,17,regular
49,01/22/2019 - TOR vs. SAC,SAC,01/22/2019,22,1,2019,18-19,h,W,1,0,36,13,0.735,36,13,0.735,240,120,40,91,44,16,40,40,24,35,68.6,12,34,46,25,7,5,16,21,regular
50,01/23/2019 - TOR @ IND,IND,01/23/2019,23,1,2019,18-19,a,L,0,1,36,14,0.720,36,14,0.72,240,106,38,92,41.3,12,39,30.8,18,23,78.3,10,35,45,28,2,5,9,22,regular
51,01/25/2019 - TOR @ HOU,HOU,01/25/2019,25,1,2019,18-19,a,L,0,1,36,15,0.706,36,15,0.706,240,119,44,91,48.4,14,36,38.9,17,18,94.4,12,35,47,27,4,1,19,25,regular
52,01/27/2019 - TOR @ DAL,DAL,01/27/2019,27,1,2019,18-19,a,W,1,0,37,15,0.712,37,15,0.712,240,123,37,83,44.6,17,34,50,32,38,84.2,8,36,44,24,6,5,7,27,regular
53,01/31/2019 - TOR vs. MIL,MIL,01/31/2019,31,1,2019,18-19,h,L,0,1,37,16,0.698,37,16,0.698,240,92,37,93,39.8,7,27,25.9,11,13,84.6,8,31,39,16,9,4,16,20,regular
54,02/03/2019 - TOR vs. LAC,LAC,02/03/2019,3,2,2019,18-19,h,W,1,0,38,16,0.704,38,16,0.704,240,121,43,94,45.7,9,33,27.3,26,31,83.9,16,40,56,21,10,5,14,28,regular
55,02/05/2019 - TOR @ PHI,PHI,02/05/2019,5,2,2019,18-19,a,W,1,0,39,16,0.709,39,16,0.709,240,119,41,89,46.1,11,31,35.5,26,32,81.3,15,27,42,27,12,0,10,27,regular
56,02/07/2019 - TOR @ ATL,ATL,02/07/2019,7,2,2019,18-19,a,W,1,0,40,16,0.714,40,16,0.714,240,119,40,87,46,13,40,32.5,26,33,78.8,12,38,50,29,6,2,8,23,regular
57,02/09/2019 - TOR @ NYK,NYK,02/09/2019,9,2,2019,18-19,a,W,1,0,41,16,0.719,41,16,0.719,240,104,33,86,38.4,14,35,40,24,29,82.8,10,37,47,27,8,5,12,15,regular
58,02/11/2019 - TOR vs. BKN,BKN,02/11/2019,11,2,2019,18-19,h,W,1,0,42,16,0.724,42,16,0.724,240,127,50,92,54.3,9,31,29,18,20,90,5,35,40,32,12,3,13,16,regular
59,02/13/2019 - TOR vs. WAS,WAS,02/13/2019,13,2,2019,18-19,h,W,1,0,43,16,0.729,43,16,0.729,240,129,44,92,47.8,16,38,42.1,25,30,83.3,9,43,52,32,8,8,14,27,regular
60,02/22/2019 - TOR vs. SAS,SAS,02/22/2019,22,2,2019,18-19,h,W,1,0,44,16,0.733,44,16,0.733,240,120,40,94,42.6,14,30,46.7,26,32,81.3,14,33,47,24,8,3,9,20,regular
61,02/24/2019 - TOR vs. ORL,ORL,02/24/2019,24,2,2019,18-19,h,L,0,1,44,17,0.721,44,17,0.721,240,98,38,91,41.8,11,28,39.3,11,14,78.6,6,36,42,30,6,2,13,20,regular
62,02/26/2019 - TOR vs. BOS,BOS,02/26/2019,26,2,2019,18-19,h,W,1,0,45,17,0.726,45,17,0.726,240,118,46,94,48.9,17,36,47.2,9,14,64.3,8,37,45,33,7,5,8,24,regular
63,03/01/2019 - TOR vs. POR,POR,03/01/2019,1,3,2019,18-19,h,W,1,0,46,17,0.730,46,17,0.73,240,119,45,81,55.6,10,28,35.7,19,21,90.5,2,30,32,29,9,6,14,17,regular
64,03/03/2019 - TOR @ DET,DET,03/03/2019,3,3,2019,18-19,a,L,0,1,46,18,0.719,46,18,0.719,265,107,37,96,38.5,14,39,35.9,19,24,79.2,18,32,50,22,8,3,15,28,regular
65,03/05/2019 - TOR vs. HOU,HOU,03/05/2019,5,3,2019,18-19,h,L,0,1,46,19,0.708,46,19,0.708,240,95,37,89,41.6,9,32,28.1,12,16,75,16,31,47,16,1,5,13,15,regular
66,03/08/2019 - TOR @ NOP,NOP,03/08/2019,8,3,2019,18-19,a,W,1,0,47,19,0.712,47,19,0.712,240,127,53,99,53.5,13,37,35.1,8,9,88.9,7,44,51,31,10,12,16,14,regular
67,03/10/2019 - TOR @ MIA,MIA,03/10/2019,10,3,2019,18-19,a,W,1,0,48,19,0.716,48,19,0.716,240,125,42,74,56.8,21,40,52.5,20,26,76.9,6,38,44,32,8,8,19,23,regular
68,03/11/2019 - TOR @ CLE,CLE,03/11/2019,11,3,2019,18-19,a,L,0,1,48,20,0.706,48,20,0.706,240,101,40,84,47.6,11,39,28.2,10,17,58.8,6,37,43,20,8,3,20,24,regular
69,03/14/2019 - TOR vs. LAL,LAL,03/14/2019,14,3,2019,18-19,h,W,1,0,49,20,0.710,49,20,0.71,240,111,36,91,39.6,16,41,39,23,29,79.3,13,39,52,21,15,6,17,20,regular
70,03/17/2019 - TOR @ DET,DET,03/17/2019,17,3,2019,18-19,a,L,0,1,49,21,0.700,49,21,0.7,240,107,39,82,47.6,18,36,50,11,14,78.6,7,31,38,25,2,2,12,22,regular
71,03/18/2019 - TOR vs. NYK,NYK,03/18/2019,18,3,2019,18-19,h,W,1,0,50,21,0.704,50,21,0.704,240,128,49,88,55.7,17,40,42.5,13,22,59.1,5,45,50,36,5,6,14,22,regular
72,03/20/2019 - TOR @ OKC,OKC,03/20/2019,20,3,2019,18-19,a,W,1,0,51,21,0.708,51,21,0.708,265,123,45,87,51.7,14,36,38.9,19,21,90.5,6,46,52,30,11,5,17,27,regular
73,03/22/2019 - TOR vs. OKC,OKC,03/22/2019,22,3,2019,18-19,h,L,0,1,51,22,0.699,51,22,0.699,240,109,39,78,50,13,25,52,18,21,85.7,11,35,46,20,7,7,21,24,regular
74,03/24/2019 - TOR vs. CHA,CHA,03/24/2019,24,3,2019,18-19,h,L,0,1,51,23,0.689,51,23,0.689,240,114,45,77,58.4,11,26,42.3,13,13,100,3,32,35,29,6,11,13,17,regular
75,03/26/2019 - TOR vs. CHI,CHI,03/26/2019,26,3,2019,18-19,h,W,1,0,52,23,0.693,52,23,0.693,240,112,42,86,48.8,12,28,42.9,16,16,100,2,37,39,28,13,7,15,16,regular
76,03/28/2019 - TOR @ NYK,NYK,03/28/2019,28,3,2019,18-19,a,W,1,0,53,23,0.697,53,23,0.697,240,117,40,89,44.9,20,47,42.6,17,22,77.3,6,38,44,32,8,6,8,28,regular
77,03/30/2019 - TOR @ CHI,CHI,03/30/2019,30,3,2019,18-19,a,W,1,0,54,23,0.701,54,23,0.701,240,124,46,89,51.7,18,38,47.4,14,18,77.8,6,41,47,35,10,4,11,15,regular
78,04/01/2019 - TOR vs. ORL,ORL,04/01/2019,1,4,2019,18-19,h,W,1,0,55,23,0.705,55,23,0.705,240,121,42,84,50,19,37,51.4,18,22,81.8,6,33,39,31,9,8,14,20,regular
79,04/03/2019 - TOR @ BKN,BKN,04/03/2019,3,4,2019,18-19,a,W,1,0,56,23,0.709,56,23,0.709,240,115,44,105,41.9,15,38,39.5,12,14,85.7,17,35,52,29,9,1,7,16,regular
80,04/05/2019 - TOR @ CHA,CHA,04/05/2019,5,4,2019,18-19,a,L,0,1,56,24,0.700,56,24,0.7,240,111,43,80,53.8,9,26,34.6,16,20,80,5,38,43,27,2,5,14,17,regular
81,04/07/2019 - TOR vs. MIA,MIA,04/07/2019,7,4,2019,18-19,h,W,1,0,57,24,0.704,57,24,0.704,265,117,39,87,44.8,16,41,39,23,27,85.2,4,43,47,26,7,5,11,17,regular
82,04/09/2019 - TOR @ MIN,MIN,04/09/2019,9,4,2019,18-19,a,W,1,0,58,24,0.707,58,24,0.707,240,120,46,88,52.3,16,37,43.2,12,17,70.6,7,47,54,24,10,5,18,17,regular
83,10/22/2019 - TOR vs. NOP,NOP,10/22/2019,22,10,2019,19-20,h,W,1,0,59,24,0.711,1,0,1,265,130,42,103,40.8,14,40,35,32,38,84.2,16,41,57,23,7,3,16,24,regular
84,10/25/2019 - TOR @ BOS,BOS,10/25/2019,25,10,2019,19-20,a,L,0,1,59,25,0.702,1,1,0.5,240,106,37,78,47.4,18,36,50,14,17,82.4,5,41,46,22,2,6,23,28,regular
85,10/26/2019 - TOR @ CHI,CHI,10/26/2019,26,10,2019,19-20,a,W,1,0,60,25,0.706,2,1,0.667,240,108,38,82,46.3,15,42,35.7,17,18,94.4,10,49,59,27,9,12,22,25,regular
86,10/28/2019 - TOR vs. ORL,ORL,10/28/2019,28,10,2019,19-20,h,W,1,0,61,25,0.709,3,1,0.75,240,104,33,85,38.8,10,39,25.6,28,30,93.3,6,46,52,19,9,2,16,20,regular
87,10/30/2019 - TOR vs. DET,DET,10/30/2019,30,10,2019,19-20,h,W,1,0,62,25,0.713,4,1,0.8,240,125,51,86,59.3,13,27,48.1,10,12,83.3,3,31,34,30,12,2,14,22,regular
88,11/02/2019 - TOR @ MIL,MIL,11/02/2019,2,11,2019,19-20,a,L,0,1,62,26,0.705,4,2,0.667,240,105,34,84,40.5,15,36,41.7,22,25,88,7,35,42,24,5,6,13,22,regular
89,11/06/2019 - TOR vs. SAC,SAC,11/06/2019,6,11,2019,19-20,h,W,1,0,63,26,0.708,5,2,0.714,240,124,43,78,55.1,14,29,48.3,24,29,82.8,2,35,37,28,10,4,14,20,regular
90,11/08/2019 - TOR @ NOP,NOP,11/08/2019,8,11,2019,19-20,a,W,1,0,64,26,0.711,6,2,0.75,240,122,41,93,44.1,19,43,44.2,21,24,87.5,10,43,53,27,9,3,17,24,regular
91,11/10/2019 - TOR @ LAL,LAL,11/10/2019,10,11,2019,19-20,a,W,1,0,65,26,0.714,7,2,0.778,240,113,43,89,48.3,12,36,33.3,15,22,68.2,7,36,43,26,6,8,13,17,regular
92,11/11/2019 - TOR @ LAC,LAC,11/11/2019,11,11,2019,19-20,a,L,0,1,65,27,0.707,7,3,0.7,240,88,34,85,40,11,30,36.7,9,15,60,5,33,38,25,9,8,15,24,regular
93,11/13/2019 - TOR @ POR,POR,11/13/2019,13,11,2019,19-20,a,W,1,0,66,27,0.710,8,3,0.727,240,114,42,92,45.7,14,32,43.8,16,17,94.1,14,36,50,20,4,9,12,20,regular
94,11/16/2019 - TOR @ DAL,DAL,11/16/2019,16,11,2019,19-20,a,L,0,1,66,28,0.702,8,4,0.667,240,102,37,89,41.6,17,41,41.5,11,15,73.3,7,35,42,21,7,2,14,20,regular
95,11/18/2019 - TOR vs. CHA,CHA,11/18/2019,18,11,2019,19-20,h,W,1,0,67,28,0.705,9,4,0.692,240,132,50,97,51.5,20,43,46.5,12,15,80,16,37,53,40,13,2,10,25,regular
96,11/20/2019 - TOR vs. ORL,ORL,11/20/2019,20,11,2019,19-20,h,W,1,0,68,28,0.708,10,4,0.714,240,113,45,87,51.7,9,27,33.3,14,19,73.7,10,37,47,26,5,5,11,21,regular
97,11/23/2019 - TOR @ ATL,ATL,11/23/2019,23,11,2019,19-20,a,W,1,0,69,28,0.711,11,4,0.733,240,119,40,88,45.5,13,37,35.1,26,30,86.7,12,30,42,22,5,5,15,16,regular
98,11/25/2019 - TOR vs. PHI,PHI,11/25/2019,25,11,2019,19-20,h,W,1,0,70,28,0.714,12,4,0.75,240,101,38,84,45.2,11,34,32.4,14,22,63.6,8,32,40,27,5,5,10,18,regular
99,11/27/2019 - TOR vs. NYK,NYK,11/27/2019,27,11,2019,19-20,h,W,1,0,71,28,0.717,13,4,0.765,240,126,46,94,48.9,21,41,51.2,13,17,76.5,17,35,52,26,6,4,12,18,regular
100,11/29/2019 - TOR @ ORL,ORL,11/29/2019,29,11,2019,19-20,a,W,1,0,72,28,0.720,14,4,0.778,240,90,31,84,36.9,11,38,28.9,17,28,60.7,11,35,46,21,16,4,13,20,regular
101,12/01/2019 - TOR vs. UTA,UTA,12/01/2019,1,12,2019,19-20,h,W,1,0,73,28,0.723,15,4,0.789,240,130,47,90,52.2,19,36,52.8,17,21,81,7,36,43,36,14,8,14,24,regular
102,12/03/2019 - TOR vs. MIA,MIA,12/03/2019,3,12,2019,19-20,h,L,0,1,73,29,0.716,15,5,0.75,265,110,35,91,38.5,11,43,25.6,29,36,80.6,9,39,48,25,5,4,11,20,regular
103,12/05/2019 - TOR vs. HOU,HOU,12/05/2019,5,12,2019,19-20,h,L,0,1,73,30,0.709,15,6,0.714,240,109,38,88,43.2,12,39,30.8,21,24,87.5,12,33,45,27,14,5,17,21,regular
104,12/08/2019 - TOR @ PHI,PHI,12/08/2019,8,12,2019,19-20,a,L,0,1,73,31,0.702,15,7,0.682,240,104,38,88,43.2,11,33,33.3,17,20,85,13,29,42,21,13,4,18,22,regular
105,12/09/2019 - TOR @ CHI,CHI,12/09/2019,9,12,2019,19-20,a,W,1,0,74,31,0.705,16,7,0.696,240,93,34,90,37.8,7,29,24.1,18,26,69.2,14,40,54,19,8,9,15,12,regular
106,12/11/2019 - TOR vs. LAC,LAC,12/11/2019,11,12,2019,19-20,h,L,0,1,74,32,0.698,16,8,0.667,240,92,31,88,35.2,8,36,22.2,22,25,88,15,32,47,21,10,8,18,24,regular
107,12/14/2019 - TOR vs. BKN,BKN,12/14/2019,14,12,2019,19-20,h,W,1,0,75,32,0.701,17,8,0.68,240,110,38,98,38.8,14,40,35,20,25,80,10,41,51,21,10,10,11,23,regular
108,12/16/2019 - TOR vs. CLE,CLE,12/16/2019,16,12,2019,19-20,h,W,1,0,76,32,0.704,18,8,0.692,240,133,52,89,58.4,16,32,50,13,17,76.5,6,35,41,31,7,2,7,19,regular
109,12/18/2019 - TOR @ DET,DET,12/18/2019,18,12,2019,19-20,a,W,1,0,77,32,0.706,19,8,0.704,240,112,39,91,42.9,13,35,37.1,21,24,87.5,12,35,47,27,9,6,12,20,regular
110,12/20/2019 - TOR vs. WAS,WAS,12/20/2019,20,12,2019,19-20,h,W,1,0,78,32,0.709,20,8,0.714,240,122,38,78,48.7,12,30,40,34,44,77.3,6,36,42,26,6,3,17,25,regular
111,12/22/2019 - TOR vs. DAL,DAL,12/22/2019,22,12,2019,19-20,h,W,1,0,79,32,0.712,21,8,0.724,240,110,37,94,39.4,10,34,29.4,26,31,83.9,14,37,51,21,12,5,10,21,regular
112,12/23/2019 - TOR @ IND,IND,12/23/2019,23,12,2019,19-20,a,L,0,1,79,33,0.705,21,9,0.7,265,115,43,94,45.7,11,40,27.5,18,24,75,12,38,50,30,6,8,16,22,regular
113,12/25/2019 - TOR vs. BOS,BOS,12/25/2019,25,12,2019,19-20,h,L,0,1,79,34,0.699,21,10,0.677,240,102,38,80,47.5,8,23,34.8,18,22,81.8,7,27,34,17,13,7,17,13,regular
114,12/28/2019 - TOR @ BOS,BOS,12/28/2019,28,12,2019,19-20,a,W,1,0,80,34,0.702,22,10,0.688,240,113,44,84,52.4,14,34,41.2,11,17,64.7,15,38,53,27,8,3,22,32,regular
115,12/29/2019 - TOR vs. OKC,OKC,12/29/2019,29,12,2019,19-20,h,L,0,1,80,35,0.696,22,11,0.667,240,97,35,83,42.2,15,40,37.5,12,12,100,8,34,42,21,7,2,14,20,regular
116,12/31/2019 - TOR vs. CLE,CLE,12/31/2019,31,12,2019,19-20,h,W,1,0,81,35,0.698,23,11,0.676,240,117,40,84,47.6,17,39,43.6,20,25,80,10,35,45,29,5,7,11,15,regular
117,01/02/2020 - TOR @ MIA,MIA,01/02/2020,2,1,2020,19-20,a,L,0,1,81,36,0.692,23,12,0.657,240,76,28,89,31.5,6,42,14.3,14,17,82.4,13,35,48,20,4,6,10,12,regular
118,01/04/2020 - TOR @ BKN,BKN,01/04/2020,4,1,2020,19-20,a,W,1,0,82,36,0.695,24,12,0.667,240,121,44,97,45.4,13,32,40.6,20,28,71.4,15,28,43,21,10,4,7,25,regular
119,01/07/2020 - TOR vs. POR,POR,01/07/2020,7,1,2020,19-20,h,L,0,1,82,37,0.689,24,13,0.649,240,99,35,96,36.5,15,42,35.7,14,19,73.7,17,40,57,21,5,7,13,21,regular
120,01/08/2020 - TOR @ CHA,CHA,01/08/2020,8,1,2020,19-20,a,W,1,0,83,37,0.692,25,13,0.658,265,112,42,94,44.7,14,36,38.9,14,20,70,14,32,46,34,7,5,10,23,regular
121,01/12/2020 - TOR vs. SAS,SAS,01/12/2020,12,1,2020,19-20,h,L,0,1,83,38,0.686,25,14,0.641,240,104,39,96,40.6,17,48,35.4,9,11,81.8,8,37,45,30,7,3,11,23,regular
122,01/15/2020 - TOR @ OKC,OKC,01/15/2020,15,1,2020,19-20,a,W,1,0,84,38,0.689,26,14,0.65,240,130,52,85,61.2,15,27,55.6,11,15,73.3,5,31,36,33,13,1,18,23,regular
123,01/17/2020 - TOR vs. WAS,WAS,01/17/2020,17,1,2020,19-20,h,W,1,0,85,38,0.691,27,14,0.659,240,140,52,91,57.1,22,43,51.2,14,16,87.5,7,34,41,35,16,2,19,24,regular
124,01/18/2020 - TOR @ MIN,MIN,01/18/2020,18,1,2020,19-20,a,W,1,0,86,38,0.694,28,14,0.667,240,122,47,91,51.6,13,35,37.1,15,17,88.2,7,35,42,25,13,9,14,23,regular
125,01/20/2020 - TOR @ ATL,ATL,01/20/2020,20,1,2020,19-20,a,W,1,0,87,38,0.696,29,14,0.674,240,122,38,92,41.3,13,42,31,33,43,76.7,12,33,45,25,13,3,14,25,regular
126,01/22/2020 - TOR vs. PHI,PHI,01/22/2020,22,1,2020,19-20,h,W,1,0,88,38,0.698,30,14,0.682,240,107,40,86,46.5,13,33,39.4,14,21,66.7,8,45,53,27,6,2,12,19,regular
127,01/24/2020 - TOR @ NYK,NYK,01/24/2020,24,1,2020,19-20,a,W,1,0,89,38,0.701,31,14,0.689,240,118,41,81,50.6,17,35,48.6,19,23,82.6,5,26,31,25,10,6,7,20,regular
128,01/26/2020 - TOR @ SAS,SAS,01/26/2020,26,1,2020,19-20,a,W,1,0,90,38,0.703,32,14,0.696,240,110,41,99,41.4,16,50,32,12,15,80,14,36,50,31,11,2,8,22,regular
129,01/28/2020 - TOR vs. ATL,ATL,01/28/2020,28,1,2020,19-20,h,W,1,0,91,38,0.705,33,14,0.702,240,130,48,97,49.5,13,43,30.2,21,27,77.8,10,42,52,26,10,6,12,26,regular
130,01/30/2020 - TOR @ CLE,CLE,01/30/2020,30,1,2020,19-20,a,W,1,0,92,38,0.708,34,14,0.708,240,115,41,84,48.8,12,32,37.5,21,28,75,9,28,37,23,13,3,13,20,regular
131,01/31/2020 - TOR @ DET,DET,01/31/2020,31,1,2020,19-20,a,W,1,0,93,38,0.710,35,14,0.714,240,105,44,85,51.8,9,27,33.3,8,11,72.7,7,35,42,26,6,7,14,27,regular
132,02/02/2020 - TOR vs. CHI,CHI,02/02/2020,2,2,2020,19-20,h,W,1,0,94,38,0.712,36,14,0.72,240,129,47,84,56,16,34,47.1,19,23,82.6,12,34,46,28,6,5,15,18,regular
133,02/05/2020 - TOR vs. IND,IND,02/05/2020,5,2,2020,19-20,h,W,1,0,95,38,0.714,37,14,0.725,240,119,43,86,50,12,32,37.5,21,24,87.5,7,30,37,27,12,0,10,17,regular
134,02/07/2020 - TOR @ IND,IND,02/07/2020,7,2,2020,19-20,a,W,1,0,96,38,0.716,38,14,0.731,240,115,42,88,47.7,17,38,44.7,14,17,82.4,8,31,39,28,12,3,16,22,regular
135,02/08/2020 - TOR vs. BKN,BKN,02/08/2020,8,2,2020,19-20,h,W,1,0,97,38,0.719,39,14,0.736,240,119,45,95,47.4,14,35,40,15,21,71.4,13,35,48,22,6,5,7,22,regular
136,02/10/2020 - TOR vs. MIN,MIN,02/10/2020,10,2,2020,19-20,h,W,1,0,98,38,0.721,40,14,0.741,240,137,51,89,57.3,17,33,51.5,18,23,78.3,9,32,41,29,15,4,18,26,regular
137,02/12/2020 - TOR @ BKN,BKN,02/12/2020,12,2,2020,19-20,a,L,0,1,98,39,0.715,40,15,0.727,240,91,34,90,37.8,13,43,30.2,10,13,76.9,6,36,42,21,6,4,13,20,regular
138,02/21/2020 - TOR vs. PHX,PHX,02/21/2020,21,2,2020,19-20,h,W,1,0,99,39,0.717,41,15,0.732,240,118,42,80,52.5,14,37,37.8,20,22,90.9,7,41,48,24,7,13,22,20,regular
139,02/23/2020 - TOR vs. IND,IND,02/23/2020,23,2,2020,19-20,h,W,1,0,100,39,0.719,42,15,0.737,240,127,47,92,51.1,17,44,38.6,16,18,88.9,10,47,57,32,9,10,17,21,regular
140,02/25/2020 - TOR vs. MIL,MIL,02/25/2020,25,2,2020,19-20,h,L,0,1,100,40,0.714,42,16,0.724,240,97,32,91,35.2,18,52,34.6,15,21,71.4,9,34,43,21,4,5,16,26,regular
141,02/28/2020 - TOR vs. CHA,CHA,02/28/2020,28,2,2020,19-20,h,L,0,1,100,41,0.709,42,17,0.712,240,96,33,95,34.7,10,43,23.3,20,29,69,14,31,45,19,11,3,5,25,regular
142,03/01/2020 - TOR @ DEN,DEN,03/01/2020,1,3,2020,19-20,a,L,0,1,100,42,0.704,42,18,0.7,240,118,41,89,46.1,10,38,26.3,26,29,89.7,8,28,36,24,9,4,11,24,regular
143,03/03/2020 - TOR @ PHX,PHX,03/03/2020,3,3,2020,19-20,a,W,1,0,101,42,0.706,43,18,0.705,240,123,40,86,46.5,14,34,41.2,29,35,82.9,9,38,47,17,9,5,15,25,regular
144,03/05/2020 - TOR @ GSW,GSW,03/05/2020,5,3,2020,19-20,a,W,1,0,102,42,0.708,44,18,0.71,240,121,40,84,47.6,13,41,31.7,28,31,90.3,3,36,39,28,10,3,11,24,regular
145,03/08/2020 - TOR @ SAC,SAC,03/08/2020,8,3,2020,19-20,a,W,1,0,103,42,0.710,45,18,0.714,240,118,39,82,47.6,19,48,39.6,21,27,77.8,2,34,36,27,10,3,9,22,regular
146,03/09/2020 - TOR @ UTA,UTA,03/09/2020,9,3,2020,19-20,a,W,1,0,104,42,0.712,46,18,0.719,240,101,36,83,43.4,13,36,36.1,16,18,88.9,14,39,53,22,9,2,18,14,regular
147,08/01/2020 - TOR vs. LAL,LAL,08/01/2020,1,8,2020,19-20,h,W,1,0,105,42,0.714,47,18,0.723,240,107,35,84,41.7,14,34,41.2,23,26,88.5,7,44,51,24,7,5,14,28,regular
148,08/03/2020 - TOR @ MIA,MIA,08/03/2020,3,8,2020,19-20,a,W,1,0,106,42,0.716,48,18,0.727,240,107,29,67,43.3,16,32,50,33,36,91.7,3,36,39,19,6,3,21,19,regular
149,08/05/2020 - TOR @ ORL,ORL,08/05/2020,5,8,2020,19-20,a,W,1,0,107,42,0.718,49,18,0.731,240,109,38,78,48.7,12,33,36.4,21,30,70,3,41,44,25,6,2,15,21,regular
150,08/07/2020 - TOR vs. BOS,BOS,08/07/2020,7,8,2020,19-20,h,L,0,1,107,43,0.713,49,19,0.721,240,100,38,89,42.7,10,38,26.3,14,17,82.4,9,39,48,20,8,7,17,18,regular
151,08/09/2020 - TOR vs. MEM,MEM,08/09/2020,9,8,2020,19-20,h,W,1,0,108,43,0.715,50,19,0.725,240,108,34,71,47.9,15,39,38.5,25,33,75.8,5,35,40,25,17,7,25,23,regular
152,08/10/2020 - TOR @ MIL,MIL,08/10/2020,10,8,2020,19-20,a,W,1,0,109,43,0.717,51,19,0.729,240,114,42,97,43.3,12,40,30,18,26,69.2,16,39,55,24,11,6,13,27,regular
153,08/12/2020 - TOR @ PHI,PHI,08/12/2020,12,8,2020,19-20,a,W,1,0,110,43,0.719,52,19,0.732,240,125,40,90,44.4,18,43,41.9,27,40,67.5,11,36,47,28,8,7,12,23,regular
154,08/14/2020 - TOR vs. DEN,DEN,08/14/2020,14,8,2020,19-20,h,W,1,0,111,43,0.721,53,19,0.736,240,117,45,90,50,18,35,51.4,9,14,64.3,13,38,51,27,8,5,19,24,regular
155,12/23/2020 - TOR vs. NOP,NOP,12/23/2020,23,12,2020,20-21,h,L,0,1,111,44,0.716,0,1,0,240,99,38,89,42.7,14,46,30.4,9,12,75,7,28,35,26,10,5,20,22,regular
156,12/26/2020 - TOR @ SAS,SAS,12/26/2020,26,12,2020,20-21,a,L,0,1,111,45,0.712,0,2,0,240,114,44,96,45.8,15,41,36.6,11,15,73.3,10,36,46,32,8,9,11,23,regular
157,12/29/2020 - TOR @ PHI,PHI,12/29/2020,29,12,2020,20-21,a,L,0,1,111,46,0.707,0,3,0,240,93,32,90,35.6,17,45,37.8,12,14,85.7,10,37,47,21,12,7,19,28,regular
158,12/31/2020 - TOR vs. NYK,NYK,12/31/2020,31,12,2020,20-21,h,W,1,0,112,46,0.709,1,3,0.25,240,100,34,83,41,17,52,32.7,15,21,71.4,9,44,53,21,7,6,16,22,regular
159,01/02/2021 - TOR @ NOP,NOP,01/02/2021,2,1,2021,20-21,a,L,0,1,112,47,0.704,1,4,0.2,240,116,38,91,41.8,14,48,29.2,26,27,96.3,10,30,40,21,6,4,9,29,regular
160,01/04/2021 - TOR vs. BOS,BOS,01/04/2021,4,1,2021,20-21,h,L,0,1,112,48,0.700,1,5,0.167,240,114,36,90,40,13,37,35.1,29,38,76.3,8,29,37,20,13,4,10,26,regular
161,01/06/2021 - TOR @ PHX,PHX,01/06/2021,6,1,2021,20-21,a,L,0,1,112,49,0.696,1,6,0.143,240,115,39,79,49.4,14,35,40,23,32,71.9,10,32,42,18,6,5,12,19,regular
162,01/08/2021 - TOR @ SAC,SAC,01/08/2021,8,1,2021,20-21,a,W,1,0,113,49,0.698,2,6,0.25,240,144,53,91,58.2,20,39,51.3,18,22,81.8,12,32,44,30,8,5,12,20,regular
163,01/10/2021 - TOR @ GSW,GSW,01/10/2021,10,1,2021,20-21,a,L,0,1,113,50,0.693,2,7,0.222,240,105,39,96,40.6,13,38,34.2,14,22,63.6,13,35,48,20,8,10,10,22,regular
164,01/11/2021 - TOR @ POR,POR,01/11/2021,11,1,2021,20-21,a,L,0,1,113,51,0.689,2,8,0.2,240,111,40,89,44.9,19,47,40.4,12,12,100,7,36,43,27,6,5,15,22,regular
165,01/14/2021 - TOR vs. CHA,CHA,01/14/2021,14,1,2021,20-21,h,W,1,0,114,51,0.691,3,8,0.273,240,111,40,88,45.5,20,50,40,11,13,84.6,13,27,40,33,13,6,17,16,regular
166,01/16/2021 - TOR vs. CHA,CHA,01/16/2021,16,1,2021,20-21,h,W,1,0,115,51,0.693,4,8,0.333,240,116,36,86,41.9,21,49,42.9,23,26,88.5,7,36,43,28,5,8,15,22,regular
167,01/18/2021 - TOR vs. DAL,DAL,01/18/2021,18,1,2021,20-21,h,W,1,0,116,51,0.695,5,8,0.385,240,116,44,88,50,12,33,36.4,16,18,88.9,9,37,46,23,9,6,14,23,regular
168,01/20/2021 - TOR vs. MIA,MIA,01/20/2021,20,1,2021,20-21,h,L,0,1,116,52,0.690,5,9,0.357,240,102,35,88,39.8,16,49,32.7,16,18,88.9,12,29,41,27,8,3,12,21,regular
169,01/22/2021 - TOR vs. MIA,MIA,01/22/2021,22,1,2021,20-21,h,W,1,0,117,52,0.692,6,9,0.4,240,101,39,84,46.4,17,40,42.5,6,9,66.7,12,33,45,22,11,3,21,16,regular
170,01/24/2021 - TOR @ IND,IND,01/24/2021,24,1,2021,20-21,a,W,1,0,118,52,0.694,7,9,0.438,240,107,37,90,41.1,15,35,42.9,18,26,69.2,12,33,45,24,12,8,16,18,regular
171,01/25/2021 - TOR @ IND,IND,01/25/2021,25,1,2021,20-21,a,L,0,1,118,53,0.690,7,10,0.412,240,114,38,93,40.9,14,38,36.8,24,27,88.9,13,26,39,24,9,6,10,25,regular
172,01/27/2021 - TOR vs. MIL,MIL,01/27/2021,27,1,2021,20-21,h,L,0,1,118,54,0.686,7,11,0.389,240,108,38,94,40.4,22,55,40,10,12,83.3,10,36,46,26,8,8,11,20,regular
173,01/29/2021 - TOR vs. SAC,SAC,01/29/2021,29,1,2021,20-21,h,L,0,1,118,55,0.682,7,12,0.368,240,124,42,86,48.8,13,32,40.6,27,33,81.8,12,23,35,20,14,2,15,27,regular
174,01/31/2021 - TOR vs. ORL,ORL,01/31/2021,31,1,2021,20-21,h,W,1,0,119,55,0.684,8,12,0.4,240,115,41,90,45.6,12,39,30.8,21,22,95.5,9,39,48,27,8,5,11,22,regular
175,02/02/2021 - TOR @ ORL,ORL,02/02/2021,2,2,2021,20-21,a,W,1,0,120,55,0.686,9,12,0.429,240,123,40,83,48.2,20,45,44.4,23,25,92,6,34,40,32,14,4,11,18,regular
176,02/05/2021 - TOR @ BKN,BKN,02/05/2021,5,2,2021,20-21,a,W,1,0,121,55,0.688,10,12,0.455,240,123,49,97,50.5,13,32,40.6,12,14,85.7,12,29,41,22,10,6,10,25,regular
177,02/06/2021 - TOR @ ATL,ATL,02/06/2021,6,2,2021,20-21,a,L,0,1,121,56,0.684,10,13,0.435,240,121,41,97,42.3,13,38,34.2,26,34,76.5,14,24,38,24,9,5,6,27,regular
178,02/08/2021 - TOR @ MEM,MEM,02/08/2021,8,2,2021,20-21,a,W,1,0,122,56,0.685,11,13,0.458,240,128,42,77,54.5,20,37,54.1,24,26,92.3,7,30,37,28,11,2,14,24,regular
179,02/10/2021 - TOR @ WAS,WAS,02/10/2021,10,2,2021,20-21,a,W,1,0,123,56,0.687,12,13,0.48,240,137,49,93,52.7,19,32,59.4,20,23,87,9,37,46,28,5,5,12,17,regular
180,02/11/2021 - TOR @ BOS,BOS,02/11/2021,11,2,2021,20-21,a,L,0,1,123,57,0.683,12,14,0.462,240,106,41,83,49.4,9,28,32.1,15,19,78.9,3,29,32,26,7,8,13,26,regular
181,02/14/2021 - TOR vs. MIN,MIN,02/14/2021,14,2,2021,20-21,h,L,0,1,123,58,0.680,12,15,0.444,240,112,38,91,41.8,10,33,30.3,26,31,83.9,10,28,38,24,6,3,11,22,regular
182,02/16/2021 - TOR @ MIL,MIL,02/16/2021,16,2,2021,20-21,a,W,1,0,124,58,0.681,13,15,0.464,240,124,46,91,50.5,17,43,39.5,15,21,71.4,8,36,44,25,8,6,15,18,regular
183,02/18/2021 - TOR @ MIL,MIL,02/18/2021,18,2,2021,20-21,a,W,1,0,125,58,0.683,14,15,0.483,240,110,38,78,48.7,12,35,34.3,22,23,95.7,2,35,37,26,6,6,9,21,regular
184,02/19/2021 - TOR @ MIN,MIN,02/19/2021,19,2,2021,20-21,a,W,1,0,126,58,0.685,15,15,0.5,240,86,28,85,32.9,12,40,30,18,22,81.8,15,36,51,16,8,6,15,16,regular
185,02/21/2021 - TOR vs. PHI,PHI,02/21/2021,21,2,2021,20-21,h,W,1,0,127,58,0.686,16,15,0.516,240,110,40,81,49.4,14,34,41.2,16,18,88.9,5,34,39,25,5,5,14,24,regular
186,02/23/2021 - TOR vs. PHI,PHI,02/23/2021,23,2,2021,20-21,h,L,0,1,127,59,0.683,16,16,0.5,240,102,40,93,43,11,37,29.7,11,13,84.6,8,30,38,29,12,11,10,20,regular
187,02/24/2021 - TOR @ MIA,MIA,02/24/2021,24,2,2021,20-21,a,L,0,1,127,60,0.679,16,17,0.485,240,108,37,74,50,20,44,45.5,14,17,82.4,3,29,32,30,5,3,14,25,regular
188,02/26/2021 - TOR vs. HOU,HOU,02/26/2021,26,2,2021,20-21,h,W,1,0,128,60,0.681,17,17,0.5,240,122,40,89,44.9,16,41,39,26,27,96.3,11,37,48,29,6,8,12,20,regular
189,03/03/2021 - TOR vs. DET,DET,03/03/2021,3,3,2021,20-21,h,L,0,1,128,61,0.677,17,18,0.486,240,105,34,77,44.2,12,36,33.3,25,30,83.3,7,27,34,17,6,5,14,20,regular
190,03/04/2021 - TOR @ BOS,BOS,03/04/2021,4,3,2021,20-21,a,L,0,1,128,62,0.674,17,19,0.472,240,125,45,91,49.5,21,50,42,14,17,82.4,8,20,28,36,6,1,13,25,regular
191,03/11/2021 - TOR vs. ATL,ATL,03/11/2021,11,3,2021,20-21,h,L,0,1,128,63,0.670,17,20,0.459,240,120,42,96,43.8,17,37,45.9,19,23,82.6,13,37,50,23,8,4,14,25,regular
192,03/13/2021 - TOR @ CHA,CHA,03/13/2021,13,3,2021,20-21,a,L,0,1,128,64,0.667,17,21,0.447,240,104,37,96,38.5,15,46,32.6,15,18,83.3,13,34,47,25,10,6,16,16,regular
193,03/14/2021 - TOR @ CHI,CHI,03/14/2021,14,3,2021,20-21,a,L,0,1,128,65,0.663,17,22,0.436,240,95,34,90,37.8,12,45,26.7,15,21,71.4,7,31,38,23,5,7,12,22,regular
194,03/17/2021 - TOR @ DET,DET,03/17/2021,17,3,2021,20-21,a,L,0,1,128,66,0.660,17,23,0.425,240,112,37,86,43,12,40,30,26,34,76.5,10,20,30,27,7,6,9,26,regular
195,03/19/2021 - TOR vs. UTA,UTA,03/19/2021,19,3,2021,20-21,h,L,0,1,128,67,0.656,17,24,0.415,240,112,40,83,48.2,21,44,47.7,11,14,78.6,3,28,31,31,9,4,10,28,regular
196,03/21/2021 - TOR @ CLE,CLE,03/21/2021,21,3,2021,20-21,a,L,0,1,128,68,0.653,17,25,0.405,240,105,37,95,38.9,15,46,32.6,16,19,84.2,9,28,37,19,13,3,14,26,regular
197,03/22/2021 - TOR @ HOU,HOU,03/22/2021,22,3,2021,20-21,a,L,0,1,128,69,0.650,17,26,0.395,240,99,37,87,42.5,10,40,25,15,19,78.9,8,36,44,19,6,5,13,24,regular
198,03/24/2021 - TOR vs. DEN,DEN,03/24/2021,24,3,2021,20-21,h,W,1,0,129,69,0.652,18,26,0.409,240,135,45,89,50.6,24,48,50,21,23,91.3,9,36,45,31,3,6,9,21,regular
199,03/26/2021 - TOR vs. PHX,PHX,03/26/2021,26,3,2021,20-21,h,L,0,1,129,70,0.648,18,27,0.4,240,100,37,90,41.1,12,45,26.7,14,16,87.5,7,31,38,20,5,4,10,17,regular
200,03/28/2021 - TOR vs. POR,POR,03/28/2021,28,3,2021,20-21,h,L,0,1,129,71,0.645,18,28,0.391,240,117,39,87,44.8,14,42,33.3,25,33,75.8,12,33,45,17,3,6,12,20,regular
201,03/29/2021 - TOR @ DET,DET,03/29/2021,29,3,2021,20-21,a,L,0,1,129,72,0.642,18,29,0.383,240,104,35,86,40.7,11,36,30.6,23,28,82.1,11,28,39,21,5,6,13,25,regular
202,03/31/2021 - TOR @ OKC,OKC,03/31/2021,31,3,2021,20-21,a,L,0,1,129,73,0.639,18,30,0.375,240,103,35,90,38.9,16,46,34.8,17,20,85,7,28,35,21,13,7,7,25,regular
203,04/02/2021 - TOR vs. GSW,GSW,04/02/2021,2,4,2021,20-21,h,W,1,0,130,73,0.640,19,30,0.388,240,130,47,88,53.4,15,35,42.9,21,25,84,10,43,53,26,14,8,12,17,regular
204,04/05/2021 - TOR vs. WAS,WAS,04/05/2021,5,4,2021,20-21,h,W,1,0,131,73,0.642,20,30,0.4,240,103,44,94,46.8,7,33,21.2,8,11,72.7,6,39,45,22,11,9,13,20,regular
205,04/06/2021 - TOR vs. LAL,LAL,04/06/2021,6,4,2021,20-21,h,L,0,1,131,74,0.639,20,31,0.392,240,101,36,91,39.6,5,33,15.2,24,30,80,15,27,42,17,13,3,12,19,regular
206,04/08/2021 - TOR vs. CHI,CHI,04/08/2021,8,4,2021,20-21,h,L,0,1,131,75,0.636,20,32,0.385,240,113,42,97,43.3,11,34,32.4,18,22,81.8,15,26,41,19,10,4,10,20,regular
207,04/10/2021 - TOR @ CLE,CLE,04/10/2021,10,4,2021,20-21,a,W,1,0,132,75,0.638,21,32,0.396,240,135,53,86,61.6,17,32,53.1,12,14,85.7,5,34,39,29,12,11,17,18,regular
208,04/11/2021 - TOR @ NYK,NYK,04/11/2021,11,4,2021,20-21,a,L,0,1,132,76,0.635,21,33,0.389,240,96,33,79,41.8,11,34,32.4,19,23,82.6,5,35,40,19,8,7,15,23,regular
209,04/13/2021 - TOR vs. ATL,ATL,04/13/2021,13,4,2021,20-21,h,L,0,1,132,77,0.632,21,34,0.382,240,103,42,88,47.7,10,39,25.6,9,13,69.2,6,36,42,16,7,4,13,19,regular
210,04/14/2021 - TOR vs. SAS,SAS,04/14/2021,14,4,2021,20-21,h,W,1,0,133,77,0.633,22,34,0.393,240,117,41,88,46.6,14,30,46.7,21,25,84,13,41,54,21,8,5,12,19,regular
211,04/16/2021 - TOR vs. ORL,ORL,04/16/2021,16,4,2021,20-21,h,W,1,0,134,77,0.635,23,34,0.404,240,113,41,82,50,14,35,40,17,18,94.4,8,34,42,24,6,10,14,24,regular
212,04/18/2021 - TOR vs. OKC,OKC,04/18/2021,18,4,2021,20-21,h,W,1,0,135,77,0.637,24,34,0.414,240,112,37,96,38.5,17,38,44.7,21,24,87.5,16,31,47,23,9,5,13,15,regular
213,04/21/2021 - TOR vs. BKN,BKN,04/21/2021,21,4,2021,20-21,h,W,1,0,136,77,0.638,25,34,0.424,240,114,39,90,43.3,18,47,38.3,18,21,85.7,9,39,48,23,7,8,10,20,regular
214,04/24/2021 - TOR @ NYK,NYK,04/24/2021,24,4,2021,20-21,a,L,0,1,136,78,0.636,25,35,0.417,240,103,36,83,43.4,17,44,38.6,14,19,73.7,5,28,33,31,6,3,7,19,regular
215,04/26/2021 - TOR vs. CLE,CLE,04/26/2021,26,4,2021,20-21,h,W,1,0,137,78,0.637,26,35,0.426,240,112,43,79,54.4,8,29,27.6,18,20,90,5,35,40,32,7,5,12,19,regular
216,04/27/2021 - TOR vs. BKN,BKN,04/27/2021,27,4,2021,20-21,h,L,0,1,137,79,0.634,26,36,0.419,240,103,36,91,39.6,15,43,34.9,16,19,84.2,15,32,47,24,5,3,13,19,regular
217,04/29/2021 - TOR @ DEN,DEN,04/29/2021,29,4,2021,20-21,a,L,0,1,137,80,0.631,26,37,0.413,240,111,40,83,48.2,16,32,50,15,18,83.3,7,29,36,27,10,6,15,19,regular
218,05/01/2021 - TOR @ UTA,UTA,05/01/2021,1,5,2021,20-21,a,L,0,1,137,81,0.628,26,38,0.406,240,102,42,94,44.7,12,33,36.4,6,9,66.7,11,28,39,26,12,3,10,15,regular
219,05/02/2021 - TOR @ LAL,LAL,05/02/2021,2,5,2021,20-21,a,W,1,0,138,81,0.630,27,38,0.415,240,121,42,94,44.7,15,38,39.5,22,31,71,13,36,49,24,11,4,12,23,regular
220,05/04/2021 - TOR @ LAC,LAC,05/04/2021,4,5,2021,20-21,a,L,0,1,138,82,0.627,27,39,0.409,240,100,40,87,46,12,35,34.3,8,13,61.5,7,30,37,22,10,3,12,15,regular
221,05/06/2021 - TOR vs. WAS,WAS,05/06/2021,6,5,2021,20-21,h,L,0,1,138,83,0.624,27,40,0.403,265,129,47,105,44.8,14,38,36.8,21,27,77.8,18,32,50,23,9,5,12,30,regular
222,05/08/2021 - TOR vs. MEM,MEM,05/08/2021,8,5,2021,20-21,h,L,0,1,138,84,0.622,27,41,0.397,240,99,36,94,38.3,10,32,31.3,17,24,70.8,13,33,46,18,10,2,11,21,regular
223,05/11/2021 - TOR vs. LAC,LAC,05/11/2021,11,5,2021,20-21,h,L,0,1,138,85,0.619,27,42,0.391,240,96,35,86,40.7,10,37,27,16,19,84.2,9,26,35,21,10,8,13,22,regular
224,05/13/2021 - TOR @ CHI,CHI,05/13/2021,13,5,2021,20-21,a,L,0,1,138,86,0.616,27,43,0.386,240,102,40,90,44.4,12,36,33.3,10,18,55.6,7,25,32,24,16,1,9,14,regular
225,05/14/2021 - TOR @ DAL,DAL,05/14/2021,14,5,2021,20-21,a,L,0,1,138,87,0.613,27,44,0.38,240,110,42,85,49.4,13,38,34.2,13,17,76.5,4,40,44,19,7,5,11,18,regular
226,05/16/2021 - TOR vs. IND,IND,05/16/2021,16,5,2021,20-21,h,L,0,1,138,88,0.611,27,45,0.375,240,113,39,97,40.2,12,38,31.6,23,29,79.3,16,32,48,21,8,3,12,12,regular
227,10/20/2021 - TOR vs. WAS,WAS,10/20/2021,20,10,2021,21-22,h,L,0,1,138,89,0.608,0,1,0,240,83,30,97,30.9,7,34,20.6,16,22,72.7,19,35,54,14,10,4,19,21,regular
228,10/22/2021 - TOR @ BOS,BOS,10/22/2021,22,10,2021,21-22,a,W,1,0,139,89,0.610,1,1,0.5,240,115,42,100,42,10,35,28.6,21,21,100,21,39,60,22,16,2,11,13,regular
229,10/23/2021 - TOR vs. DAL,DAL,10/23/2021,23,10,2021,21-22,h,L,0,1,139,90,0.607,1,2,0.333,240,95,34,85,40,11,37,29.7,16,23,69.6,11,38,49,17,7,6,12,23,regular
230,10/25/2021 - TOR vs. CHI,CHI,10/25/2021,25,10,2021,21-22,h,L,0,1,139,91,0.604,1,3,0.25,240,108,40,83,48.2,12,30,40,16,20,80,13,34,47,27,8,1,19,18,regular
231,10/27/2021 - TOR vs. IND,IND,10/27/2021,27,10,2021,21-22,h,W,1,0,140,91,0.606,2,3,0.4,240,118,46,100,46,14,30,46.7,12,19,63.2,16,25,41,22,18,6,10,20,regular
232,10/29/2021 - TOR vs. ORL,ORL,10/29/2021,29,10,2021,21-22,h,W,1,0,141,91,0.608,3,3,0.5,240,110,43,86,50,9,30,30,15,22,68.2,9,31,40,18,11,2,7,18,regular
233,10/30/2021 - TOR @ IND,IND,10/30/2021,30,10,2021,21-22,a,W,1,0,142,91,0.609,4,3,0.571,240,97,39,92,42.4,11,32,34.4,8,12,66.7,12,36,48,18,8,4,15,17,regular
234,11/01/2021 - TOR @ NYK,NYK,11/01/2021,1,11,2021,21-22,a,W,1,0,143,91,0.611,5,3,0.625,240,113,43,99,43.4,14,42,33.3,13,14,92.9,13,35,48,24,12,4,8,20,regular
235,11/03/2021 - TOR @ WAS,WAS,11/03/2021,3,11,2021,21-22,a,W,1,0,144,91,0.613,6,3,0.667,240,109,41,88,46.6,10,25,40,17,20,85,10,32,42,17,10,3,10,23,regular
236,11/05/2021 - TOR vs. CLE,CLE,11/05/2021,5,11,2021,21-22,h,L,0,1,144,92,0.610,6,4,0.6,240,101,42,99,42.4,12,27,44.4,5,9,55.6,19,26,45,20,10,8,9,19,regular
237,11/07/2021 - TOR vs. BKN,BKN,11/07/2021,7,11,2021,21-22,h,L,0,1,144,93,0.608,6,5,0.545,240,103,41,87,47.1,7,30,23.3,14,18,77.8,8,27,35,23,10,6,8,16,regular
238,11/10/2021 - TOR @ BOS,BOS,11/10/2021,10,11,2021,21-22,a,L,0,1,144,94,0.605,6,6,0.5,240,88,33,77,42.9,6,25,24,16,19,84.2,6,35,41,20,8,8,18,17,regular
239,11/11/2021 - TOR @ PHI,PHI,11/11/2021,11,11,2021,21-22,a,W,1,0,145,94,0.607,7,6,0.538,240,115,42,96,43.8,14,33,42.4,17,17,100,16,31,47,25,10,7,11,18,regular
240,11/13/2021 - TOR vs. DET,DET,11/13/2021,13,11,2021,21-22,h,L,0,1,145,95,0.604,7,7,0.5,240,121,44,87,50.6,13,34,38.2,20,31,64.5,15,24,39,21,9,1,13,25,regular
241,11/15/2021 - TOR @ POR,POR,11/15/2021,15,11,2021,21-22,a,L,0,1,145,96,0.602,7,8,0.467,240,113,41,89,46.1,15,33,45.5,16,18,88.9,12,27,39,20,7,2,11,17,regular
242,11/18/2021 - TOR @ UTA,UTA,11/18/2021,18,11,2021,21-22,a,L,0,1,145,97,0.599,7,9,0.438,240,103,39,94,41.5,10,38,26.3,15,17,88.2,14,21,35,24,10,3,12,13,regular
243,11/19/2021 - TOR @ SAC,SAC,11/19/2021,19,11,2021,21-22,a,W,1,0,146,97,0.601,8,9,0.471,240,108,38,84,45.2,12,31,38.7,20,24,83.3,13,40,53,20,9,9,14,24,regular
244,11/21/2021 - TOR @ GSW,GSW,11/21/2021,21,11,2021,21-22,a,L,0,1,146,98,0.598,8,10,0.444,240,104,39,99,39.4,15,37,40.5,11,20,55,18,29,47,25,7,4,10,21,regular
245,11/24/2021 - TOR @ MEM,MEM,11/24/2021,24,11,2021,21-22,a,W,1,0,147,98,0.600,9,10,0.474,240,126,47,89,52.8,14,30,46.7,18,21,85.7,11,23,34,25,8,4,10,20,regular
246,11/26/2021 - TOR @ IND,IND,11/26/2021,26,11,2021,21-22,a,L,0,1,147,99,0.598,9,11,0.45,240,97,37,89,41.6,7,30,23.3,16,22,72.7,13,28,41,17,8,3,10,18,regular
247,11/28/2021 - TOR vs. BOS,BOS,11/28/2021,28,11,2021,21-22,h,L,0,1,147,100,0.595,9,12,0.429,240,97,35,93,37.6,13,42,31,14,16,87.5,14,30,44,19,6,5,10,24,regular
248,11/30/2021 - TOR vs. MEM,MEM,11/30/2021,30,11,2021,21-22,h,L,0,1,147,101,0.593,9,13,0.409,240,91,36,91,39.6,10,39,25.6,9,12,75,11,33,44,14,7,9,18,21,regular
249,12/02/2021 - TOR vs. MIL,MIL,12/02/2021,2,12,2021,21-22,h,W,1,0,148,101,0.594,10,13,0.435,240,97,37,88,42,14,40,35,9,14,64.3,15,32,47,23,10,7,13,24,regular
250,12/05/2021 - TOR vs. WAS,WAS,12/05/2021,5,12,2021,21-22,h,W,1,0,149,101,0.596,11,13,0.458,240,102,38,85,44.7,8,23,34.8,18,24,75,10,37,47,22,3,1,8,24,regular
251,12/08/2021 - TOR vs. OKC,OKC,12/08/2021,8,12,2021,21-22,h,L,0,1,149,102,0.594,11,14,0.44,240,109,42,93,45.2,15,41,36.6,10,15,66.7,13,33,46,27,6,5,13,19,regular
252,12/10/2021 - TOR vs. NYK,NYK,12/10/2021,10,12,2021,21-22,h,W,1,0,150,102,0.595,12,14,0.462,240,90,30,87,34.5,12,35,34.3,18,23,78.3,12,36,48,21,9,7,8,19,regular
253,12/13/2021 - TOR vs. SAC,SAC,12/13/2021,13,12,2021,21-22,h,W,1,0,151,102,0.597,13,14,0.481,240,124,53,98,54.1,11,31,35.5,7,10,70,8,38,46,28,10,8,8,19,regular
254,12/14/2021 - TOR @ BKN,BKN,12/14/2021,14,12,2021,21-22,a,L,0,1,151,103,0.594,13,15,0.464,265,129,48,105,45.7,18,52,34.6,15,19,78.9,13,28,41,26,6,6,12,21,regular
255,12/18/2021 - TOR vs. GSW,GSW,12/18/2021,18,12,2021,21-22,h,W,1,0,152,103,0.596,14,15,0.483,240,119,45,90,50,14,38,36.8,15,23,65.2,12,29,41,26,13,3,10,21,regular
256,12/26/2021 - TOR @ CLE,CLE,12/26/2021,26,12,2021,21-22,a,L,0,1,152,104,0.594,14,16,0.467,240,99,37,89,41.6,9,36,25,16,23,69.6,11,32,43,24,11,3,21,13,regular
257,12/28/2021 - TOR vs. PHI,PHI,12/28/2021,28,12,2021,21-22,h,L,0,1,152,105,0.591,14,17,0.452,240,109,38,87,43.7,15,41,36.6,18,22,81.8,9,34,43,24,7,5,10,24,regular
258,12/31/2021 - TOR vs. LAC,LAC,12/31/2021,31,12,2021,21-22,h,W,1,0,153,105,0.593,15,17,0.469,240,116,40,96,41.7,11,35,31.4,25,33,75.8,18,36,54,19,8,4,7,18,regular
259,01/02/2022 - TOR vs. NYK,NYK,01/02/2022,2,1,2022,21-22,h,W,1,0,154,105,0.595,16,17,0.485,240,120,41,86,47.7,13,34,38.2,25,30,83.3,11,33,44,21,9,5,16,27,regular
260,01/04/2022 - TOR vs. SAS,SAS,01/04/2022,4,1,2022,21-22,h,W,1,0,155,105,0.596,17,17,0.5,240,129,45,96,46.9,18,44,40.9,21,29,72.4,16,36,52,30,13,8,12,20,regular
261,01/05/2022 - TOR @ MIL,MIL,01/05/2022,5,1,2022,21-22,a,W,1,0,156,105,0.598,18,17,0.514,240,117,42,89,47.2,16,36,44.4,17,25,68,10,34,44,24,8,4,14,20,regular
262,01/07/2022 - TOR vs. UTA,UTA,01/07/2022,7,1,2022,21-22,h,W,1,0,157,105,0.599,19,17,0.528,240,122,45,100,45,12,41,29.3,20,25,80,19,29,48,26,11,7,7,17,regular
263,01/09/2022 - TOR vs. NOP,NOP,01/09/2022,9,1,2022,21-22,h,W,1,0,158,105,0.601,20,17,0.541,240,105,36,85,42.4,14,34,41.2,19,20,95,15,31,46,18,8,3,12,20,regular
264,01/11/2022 - TOR vs. PHX,PHX,01/11/2022,11,1,2022,21-22,h,L,0,1,158,106,0.598,20,18,0.526,240,95,36,89,40.4,8,37,21.6,15,25,60,22,25,47,15,11,3,14,20,regular
265,01/14/2022 - TOR @ DET,DET,01/14/2022,14,1,2022,21-22,a,L,0,1,158,107,0.596,20,19,0.513,240,87,28,87,32.2,11,38,28.9,20,26,76.9,16,30,46,18,5,4,11,24,regular
266,01/15/2022 - TOR @ MIL,MIL,01/15/2022,15,1,2022,21-22,a,W,1,0,159,107,0.598,21,19,0.525,240,103,40,91,44,12,35,34.3,11,20,55,16,34,50,25,7,8,14,25,regular
267,01/17/2022 - TOR @ MIA,MIA,01/17/2022,17,1,2022,21-22,a,L,0,1,159,108,0.596,21,20,0.512,240,99,37,90,41.1,13,36,36.1,12,17,70.6,15,30,45,24,9,5,11,21,regular
268,01/19/2022 - TOR @ DAL,DAL,01/19/2022,19,1,2022,21-22,a,L,0,1,159,109,0.593,21,21,0.5,240,98,35,91,38.5,8,32,25,20,25,80,16,28,44,17,11,1,12,21,regular
269,01/21/2022 - TOR @ WAS,WAS,01/21/2022,21,1,2022,21-22,a,W,1,0,160,109,0.595,22,21,0.512,240,109,42,90,46.7,11,30,36.7,14,17,82.4,11,29,40,20,10,4,8,15,regular
270,01/23/2022 - TOR vs. POR,POR,01/23/2022,23,1,2022,21-22,h,L,0,1,160,110,0.593,22,22,0.5,240,105,39,98,39.8,18,54,33.3,9,14,64.3,15,28,43,28,15,8,15,18,regular
271,01/25/2022 - TOR vs. CHA,CHA,01/25/2022,25,1,2022,21-22,h,W,1,0,161,110,0.594,23,22,0.511,240,125,43,82,52.4,16,34,47.1,23,29,79.3,7,35,42,27,6,7,14,22,regular
272,01/26/2022 - TOR @ CHI,CHI,01/26/2022,26,1,2022,21-22,a,L,0,1,161,111,0.592,23,23,0.5,240,105,38,79,48.1,12,31,38.7,17,28,60.7,8,26,34,24,8,5,12,17,regular
273,01/29/2022 - TOR @ MIA,MIA,01/29/2022,29,1,2022,21-22,a,W,1,0,162,111,0.593,24,23,0.511,315,124,47,107,43.9,16,45,35.6,14,18,77.8,12,41,53,24,15,9,16,22,regular
274,01/31/2022 - TOR @ ATL,ATL,01/31/2022,31,1,2022,21-22,a,W,1,0,163,111,0.595,25,23,0.521,240,106,38,89,42.7,18,36,50,12,17,70.6,6,37,43,21,7,8,8,15,regular
275,02/01/2022 - TOR vs. MIA,MIA,02/01/2022,1,2,2022,21-22,h,W,1,0,164,111,0.596,26,23,0.531,240,110,39,81,48.1,12,26,46.2,20,29,69,15,28,43,20,9,3,15,24,regular
276,02/03/2022 - TOR vs. CHI,CHI,02/03/2022,3,2,2022,21-22,h,W,1,0,165,111,0.598,27,23,0.54,265,127,48,113,42.5,14,36,38.9,17,19,89.5,22,36,58,30,10,5,12,17,regular
277,02/04/2022 - TOR vs. ATL,ATL,02/04/2022,4,2,2022,21-22,h,W,1,0,166,111,0.599,28,23,0.549,240,125,46,81,56.8,17,27,63,16,18,88.9,8,37,45,29,7,4,14,18,regular
278,02/07/2022 - TOR @ CHA,CHA,02/07/2022,7,2,2022,21-22,a,W,1,0,167,111,0.601,29,23,0.558,240,116,41,84,48.8,15,35,42.9,19,29,65.5,14,37,51,21,9,5,18,20,regular
279,02/09/2022 - TOR @ OKC,OKC,02/09/2022,9,2,2022,21-22,a,W,1,0,168,111,0.602,30,23,0.566,240,117,45,88,51.1,13,35,37.1,14,14,100,10,35,45,22,9,4,16,16,regular
280,02/10/2022 - TOR @ HOU,HOU,02/10/2022,10,2,2022,21-22,a,W,1,0,169,111,0.604,31,23,0.574,240,139,53,97,54.6,15,39,38.5,18,22,81.8,14,23,37,25,12,3,11,28,regular
281,02/12/2022 - TOR vs. DEN,DEN,02/12/2022,12,2,2022,21-22,h,L,0,1,169,112,0.601,31,24,0.564,240,109,43,88,48.9,12,34,35.3,11,17,64.7,8,27,35,22,11,1,7,19,regular
282,02/14/2022 - TOR @ NOP,NOP,02/14/2022,14,2,2022,21-22,a,L,0,1,169,113,0.599,31,25,0.554,240,90,29,95,30.5,8,34,23.5,24,31,77.4,19,25,44,8,7,3,6,14,regular
283,02/16/2022 - TOR @ MIN,MIN,02/16/2022,16,2,2022,21-22,a,W,1,0,170,113,0.601,32,25,0.561,240,103,40,88,45.5,8,25,32,15,19,78.9,9,39,48,21,7,6,13,21,regular
284,02/25/2022 - TOR @ CHA,CHA,02/25/2022,25,2,2022,21-22,a,L,0,1,170,114,0.599,32,26,0.552,240,93,37,84,44,6,23,26.1,13,23,56.5,10,26,36,18,6,4,16,12,regular
285,02/26/2022 - TOR @ ATL,ATL,02/26/2022,26,2,2022,21-22,a,L,0,1,170,115,0.596,32,27,0.542,240,100,38,95,40,10,32,31.3,14,19,73.7,11,31,42,25,5,2,11,26,regular
286,02/28/2022 - TOR @ BKN,BKN,02/28/2022,28,2,2022,21-22,a,W,1,0,171,115,0.598,33,27,0.55,240,133,51,99,51.5,18,38,47.4,13,22,59.1,16,31,47,35,17,5,12,20,regular
287,03/01/2022 - TOR vs. BKN,BKN,03/01/2022,1,3,2022,21-22,h,W,1,0,172,115,0.599,34,27,0.557,240,109,41,90,45.6,7,23,30.4,20,23,87,16,32,48,27,5,2,13,19,regular
288,03/03/2022 - TOR vs. DET,DET,03/03/2022,3,3,2022,21-22,h,L,0,1,172,116,0.597,34,28,0.548,240,106,36,83,43.4,7,26,26.9,27,36,75,14,27,41,12,5,4,10,22,regular
289,03/04/2022 - TOR vs. ORL,ORL,03/04/2022,4,3,2022,21-22,h,L,0,1,172,117,0.595,34,29,0.54,240,97,37,93,39.8,12,37,32.4,11,17,64.7,12,42,54,22,2,8,12,18,regular
290,03/06/2022 - TOR @ CLE,CLE,03/06/2022,6,3,2022,21-22,a,L,0,1,172,118,0.593,34,30,0.531,240,96,37,94,39.4,6,24,25,16,26,61.5,14,31,45,17,13,3,7,20,regular
291,03/09/2022 - TOR @ SAS,SAS,03/09/2022,9,3,2022,21-22,a,W,1,0,173,118,0.595,35,30,0.538,240,119,41,85,48.2,11,30,36.7,26,28,92.9,13,34,47,12,7,1,10,23,regular
292,03/11/2022 - TOR @ PHX,PHX,03/11/2022,11,3,2022,21-22,a,W,1,0,174,118,0.596,36,30,0.545,240,117,42,94,44.7,14,32,43.8,19,21,90.5,12,36,48,19,11,4,15,19,regular
293,03/12/2022 - TOR @ DEN,DEN,03/12/2022,12,3,2022,21-22,a,W,1,0,175,118,0.597,37,30,0.552,240,127,48,102,47.1,12,31,38.7,19,25,76,23,27,50,28,12,6,7,23,regular
294,03/14/2022 - TOR @ LAL,LAL,03/14/2022,14,3,2022,21-22,a,W,1,0,176,118,0.599,38,30,0.559,240,114,39,96,40.6,10,37,27,26,36,72.2,19,45,64,24,8,9,12,20,regular
295,03/16/2022 - TOR @ LAC,LAC,03/16/2022,16,3,2022,21-22,a,W,1,0,177,118,0.600,39,30,0.565,240,103,38,83,45.8,11,32,34.4,16,21,76.2,13,30,43,14,5,1,11,12,regular
296,03/18/2022 - TOR vs. LAL,LAL,03/18/2022,18,3,2022,21-22,h,L,0,1,177,119,0.598,39,31,0.557,265,123,49,97,50.5,12,37,32.4,13,20,65,16,30,46,25,8,2,12,19,regular
297,03/20/2022 - TOR @ PHI,PHI,03/20/2022,20,3,2022,21-22,a,W,1,0,178,119,0.599,40,31,0.563,240,93,35,93,37.6,7,26,26.9,16,23,69.6,20,36,56,16,5,4,8,16,regular
298,03/21/2022 - TOR @ CHI,CHI,03/21/2022,21,3,2022,21-22,a,L,0,1,178,120,0.597,40,32,0.556,240,99,40,91,44,6,32,18.8,13,15,86.7,14,35,49,26,5,6,12,20,regular
299,03/24/2022 - TOR vs. CLE,CLE,03/24/2022,24,3,2022,21-22,h,W,1,0,179,120,0.599,41,32,0.562,240,117,42,89,47.2,16,37,43.2,17,19,89.5,13,27,40,26,9,5,8,22,regular
300,03/26/2022 - TOR vs. IND,IND,03/26/2022,26,3,2022,21-22,h,W,1,0,180,120,0.600,42,32,0.568,240,131,51,84,60.7,15,32,46.9,14,19,73.7,9,33,42,34,9,3,6,16,regular
301,03/28/2022 - TOR vs. BOS,BOS,03/28/2022,28,3,2022,21-22,h,W,1,0,181,120,0.601,43,32,0.573,265,115,46,106,43.4,10,39,25.6,13,18,72.2,16,36,52,16,10,11,10,28,regular
302,03/30/2022 - TOR vs. MIN,MIN,03/30/2022,30,3,2022,21-22,h,W,1,0,182,120,0.603,44,32,0.579,240,125,48,96,50,18,36,50,11,15,73.3,11,36,47,32,9,4,17,23,regular
303,04/01/2022 - TOR @ ORL,ORL,04/01/2022,1,4,2022,21-22,a,W,1,0,183,120,0.604,45,32,0.584,240,102,36,86,41.9,13,42,31,17,20,85,10,31,41,21,13,3,10,14,regular
304,04/03/2022 - TOR vs. MIA,MIA,04/03/2022,3,4,2022,21-22,h,L,0,1,183,121,0.602,45,33,0.577,240,109,35,83,42.2,12,39,30.8,27,34,79.4,10,28,38,19,12,1,14,20,regular
305,04/05/2022 - TOR vs. ATL,ATL,04/05/2022,5,4,2022,21-22,h,W,1,0,184,121,0.603,46,33,0.582,240,118,44,101,43.6,9,35,25.7,21,31,67.7,20,40,60,20,6,5,7,14,regular
306,04/07/2022 - TOR vs. PHI,PHI,04/07/2022,7,4,2022,21-22,h,W,1,0,185,121,0.605,47,33,0.588,240,119,45,91,49.5,15,33,45.5,14,18,77.8,12,29,41,22,7,4,10,17,regular
307,04/08/2022 - TOR vs. HOU,HOU,04/08/2022,8,4,2022,21-22,h,W,1,0,186,121,0.606,48,33,0.593,240,117,44,96,45.8,7,29,24.1,22,23,95.7,13,28,41,20,13,4,9,18,regular
308,04/10/2022 - TOR @ NYK,NYK,04/10/2022,10,4,2022,21-22,a,L,0,1,186,122,0.604,48,34,0.585,240,94,36,92,39.1,12,42,28.6,10,11,90.9,9,34,43,27,10,2,13,17,regular
309,10/19/2022 - TOR vs. CLE,CLE,10/19/2022,19,10,2022,22-23,h,W,1,0,187,122,0.605,1,0,1,240,108,36,86,41.9,13,30,43.3,23,32,71.9,12,29,41,19,15,4,13,23,regular
310,10/21/2022 - TOR @ BKN,BKN,10/21/2022,21,10,2022,22-23,a,L,0,1,187,123,0.603,1,1,0.5,240,105,41,84,48.8,11,28,39.3,12,18,66.7,8,33,41,25,9,4,13,21,regular
311,10/22/2022 - TOR @ MIA,MIA,10/22/2022,22,10,2022,22-23,a,L,0,1,187,124,0.601,1,2,0.333,240,109,37,87,42.5,14,39,35.9,21,28,75,8,29,37,24,9,5,6,25,regular
312,10/24/2022 - TOR @ MIA,MIA,10/24/2022,24,10,2022,22-23,a,W,1,0,188,124,0.603,2,2,0.5,240,98,34,86,39.5,14,32,43.8,16,20,80,10,42,52,22,6,6,12,22,regular
313,10/26/2022 - TOR vs. PHI,PHI,10/26/2022,26,10,2022,22-23,h,W,1,0,189,124,0.604,3,2,0.6,240,119,46,84,54.8,16,37,43.2,11,14,78.6,6,33,39,32,9,5,9,21,regular
314,10/28/2022 - TOR vs. PHI,PHI,10/28/2022,28,10,2022,22-23,h,L,0,1,189,125,0.602,3,3,0.5,240,90,33,86,38.4,9,39,23.1,15,24,62.5,15,30,45,20,9,5,17,15,regular
315,10/31/2022 - TOR vs. ATL,ATL,10/31/2022,31,10,2022,22-23,h,W,1,0,190,125,0.603,4,3,0.571,240,139,46,92,50,14,34,41.2,33,40,82.5,12,32,44,25,13,9,6,22,regular
316,11/02/2022 - TOR @ SAS,SAS,11/02/2022,2,11,2022,22-23,a,W,1,0,191,125,0.604,5,3,0.625,240,143,57,106,53.8,14,33,42.4,15,16,93.8,9,41,50,31,16,6,11,17,regular
317,11/04/2022 - TOR @ DAL,DAL,11/04/2022,4,11,2022,22-23,a,L,0,1,191,126,0.603,5,4,0.556,240,110,39,88,44.3,11,34,32.4,21,25,84,18,26,44,20,10,4,19,22,regular
318,11/06/2022 - TOR vs. CHI,CHI,11/06/2022,6,11,2022,22-23,h,W,1,0,192,126,0.604,6,4,0.6,240,113,44,103,42.7,10,37,27,15,20,75,23,29,52,28,11,10,9,16,regular
319,11/07/2022 - TOR @ CHI,CHI,11/07/2022,7,11,2022,22-23,a,L,0,1,192,127,0.602,6,5,0.545,240,97,36,85,42.4,9,28,32.1,16,22,72.7,5,26,31,24,10,7,14,20,regular
320,11/09/2022 - TOR vs. HOU,HOU,11/09/2022,9,11,2022,22-23,h,W,1,0,193,127,0.603,7,5,0.583,240,116,42,102,41.2,15,44,34.1,17,20,85,22,28,50,19,12,9,13,26,regular
321,11/11/2022 - TOR @ OKC,OKC,11/11/2022,11,11,2022,22-23,a,L,0,1,193,128,0.601,7,6,0.538,240,113,38,88,43.2,11,30,36.7,26,36,72.2,14,25,39,20,13,4,16,16,regular
322,11/12/2022 - TOR @ IND,IND,11/12/2022,12,11,2022,22-23,a,L,0,1,193,129,0.599,7,7,0.5,240,104,37,94,39.4,7,35,20,23,29,79.3,16,27,43,14,12,8,12,18,regular
323,11/14/2022 - TOR @ DET,DET,11/14/2022,14,11,2022,22-23,a,W,1,0,194,129,0.601,8,7,0.533,240,115,40,82,48.8,8,27,29.6,27,28,96.4,12,30,42,27,7,8,17,27,regular
324,11/16/2022 - TOR vs. MIA,MIA,11/16/2022,16,11,2022,22-23,h,W,1,0,195,129,0.602,9,7,0.563,240,112,44,86,51.2,7,26,26.9,17,22,77.3,16,26,42,23,5,3,14,23,regular
325,11/19/2022 - TOR @ ATL,ATL,11/19/2022,19,11,2022,22-23,a,L,0,1,195,130,0.600,9,8,0.529,265,122,48,108,44.4,8,37,21.6,18,22,81.8,17,34,51,27,11,6,13,25,regular
326,11/23/2022 - TOR vs. BKN,BKN,11/23/2022,23,11,2022,22-23,h,L,0,1,195,131,0.598,9,9,0.5,240,98,36,101,35.6,7,29,24.1,19,25,76,23,29,52,16,12,2,13,13,regular
327,11/26/2022 - TOR vs. DAL,DAL,11/26/2022,26,11,2022,22-23,h,W,1,0,196,131,0.599,10,9,0.526,240,105,38,88,43.2,8,26,30.8,21,26,80.8,17,31,48,20,10,2,13,21,regular
328,11/28/2022 - TOR vs. CLE,CLE,11/28/2022,28,11,2022,22-23,h,W,1,0,197,131,0.601,11,9,0.55,240,100,37,84,44,12,28,42.9,14,17,82.4,7,38,45,23,4,5,10,17,regular
329,11/30/2022 - TOR @ NOP,NOP,11/30/2022,30,11,2022,22-23,a,L,0,1,197,132,0.599,11,10,0.524,240,108,42,88,47.7,11,38,28.9,13,19,68.4,3,27,30,29,12,7,16,21,regular
330,12/02/2022 - TOR @ BKN,BKN,12/02/2022,2,12,2022,22-23,a,L,0,1,197,133,0.597,11,11,0.5,240,105,38,87,43.7,7,24,29.2,22,30,73.3,11,32,43,16,7,2,13,19,regular
331,12/03/2022 - TOR vs. ORL,ORL,12/03/2022,3,12,2022,22-23,h,W,1,0,198,133,0.598,12,11,0.522,240,121,47,84,56,9,29,31,18,25,72,12,31,43,31,12,4,16,24,regular
332,12/05/2022 - TOR vs. BOS,BOS,12/05/2022,5,12,2022,22-23,h,L,0,1,198,134,0.596,12,12,0.5,240,110,39,85,45.9,10,28,35.7,22,30,73.3,12,34,46,19,6,5,13,20,regular
333,12/07/2022 - TOR vs. LAL,LAL,12/07/2022,7,12,2022,22-23,h,W,1,0,199,134,0.598,13,12,0.52,240,126,47,106,44.3,12,43,27.9,20,24,83.3,17,37,54,25,10,5,11,22,regular
334,12/09/2022 - TOR @ ORL,ORL,12/09/2022,9,12,2022,22-23,a,L,0,1,199,135,0.596,13,13,0.5,240,109,36,85,42.4,10,35,28.6,27,33,81.8,7,26,33,23,10,5,7,17,regular
335,12/11/2022 - TOR @ ORL,ORL,12/11/2022,11,12,2022,22-23,a,L,0,1,199,136,0.594,13,14,0.481,240,99,30,75,40,6,25,24,33,38,86.8,7,21,28,18,9,7,9,25,regular
336,12/14/2022 - TOR vs. SAC,SAC,12/14/2022,14,12,2022,22-23,h,L,0,1,199,137,0.592,13,15,0.464,240,123,47,94,50,6,21,28.6,23,27,85.2,11,28,39,25,8,7,7,18,regular
337,12/16/2022 - TOR vs. BKN,BKN,12/16/2022,16,12,2022,22-23,h,L,0,1,199,138,0.591,13,16,0.448,240,116,41,84,48.8,9,24,37.5,25,29,86.2,7,25,32,17,5,1,8,19,regular
338,12/18/2022 - TOR vs. GSW,GSW,12/18/2022,18,12,2022,22-23,h,L,0,1,199,139,0.589,13,17,0.433,240,110,40,95,42.1,13,33,39.4,17,22,77.3,18,25,43,21,6,2,12,22,regular
339,12/19/2022 - TOR @ PHI,PHI,12/19/2022,19,12,2022,22-23,a,L,0,1,199,140,0.587,13,18,0.419,265,101,37,88,42,11,40,27.5,16,20,80,9,41,50,24,6,3,15,20,regular
340,12/21/2022 - TOR @ NYK,NYK,12/21/2022,21,12,2022,22-23,a,W,1,0,200,140,0.588,14,18,0.438,240,113,42,94,44.7,9,34,26.5,20,22,90.9,16,22,38,17,7,4,4,16,regular
341,12/23/2022 - TOR @ CLE,CLE,12/23/2022,23,12,2022,22-23,a,W,1,0,201,140,0.589,15,18,0.455,240,118,42,84,50,19,37,51.4,15,18,83.3,11,34,45,25,10,2,18,20,regular
342,12/27/2022 - TOR vs. LAC,LAC,12/27/2022,27,12,2022,22-23,h,L,0,1,201,141,0.588,15,19,0.441,240,113,43,84,51.2,6,23,26.1,21,26,80.8,10,29,39,24,6,4,12,16,regular
343,12/29/2022 - TOR vs. MEM,MEM,12/29/2022,29,12,2022,22-23,h,L,0,1,201,142,0.586,15,20,0.429,240,106,39,96,40.6,10,28,35.7,18,24,75,17,30,47,21,11,7,8,20,regular
344,12/30/2022 - TOR vs. PHX,PHX,12/30/2022,30,12,2022,22-23,h,W,1,0,202,142,0.587,16,20,0.444,240,113,40,81,49.4,11,33,33.3,22,26,84.6,8,23,31,20,15,3,12,22,regular
345,01/02/2023 - TOR @ IND,IND,01/02/2023,2,1,2023,22-23,a,L,0,1,202,143,0.586,16,21,0.432,240,114,41,91,45.1,14,42,33.3,18,23,78.3,12,24,36,26,5,11,11,27,regular
346,01/04/2023 - TOR vs. MIL,MIL,01/04/2023,4,1,2023,22-23,h,L,0,1,202,144,0.584,16,22,0.421,265,101,38,116,32.8,9,46,19.6,16,20,80,14,33,47,22,10,4,8,23,regular
347,01/06/2023 - TOR vs. NYK,NYK,01/06/2023,6,1,2023,22-23,h,L,0,1,202,145,0.582,16,23,0.41,240,108,35,83,42.2,10,29,34.5,28,35,80,12,34,46,22,7,3,7,23,regular
348,01/08/2023 - TOR vs. POR,POR,01/08/2023,8,1,2023,22-23,h,W,1,0,203,145,0.583,17,23,0.425,240,117,40,91,44,12,31,38.7,25,29,86.2,13,28,41,26,12,8,10,28,regular
349,01/10/2023 - TOR vs. CHA,CHA,01/10/2023,10,1,2023,22-23,h,W,1,0,204,145,0.585,18,23,0.439,240,132,45,91,49.5,20,44,45.5,22,27,81.5,18,31,49,32,4,4,11,17,regular
350,01/12/2023 - TOR vs. CHA,CHA,01/12/2023,12,1,2023,22-23,h,W,1,0,205,145,0.586,19,23,0.452,240,124,43,83,51.8,10,28,35.7,28,36,77.8,8,24,32,30,15,4,9,23,regular
351,01/14/2023 - TOR vs. ATL,ATL,01/14/2023,14,1,2023,22-23,h,L,0,1,205,146,0.584,19,24,0.442,240,103,36,87,41.4,7,29,24.1,24,30,80,11,32,43,19,9,3,12,19,regular
352,01/16/2023 - TOR @ NYK,NYK,01/16/2023,16,1,2023,22-23,a,W,1,0,206,146,0.585,20,24,0.455,265,123,38,96,39.6,13,44,29.5,34,41,82.9,14,28,42,27,8,12,6,25,regular
353,01/17/2023 - TOR @ MIL,MIL,01/17/2023,17,1,2023,22-23,a,L,0,1,206,147,0.584,20,25,0.444,240,122,46,101,45.5,13,35,37.1,17,27,63,20,30,50,20,7,5,9,14,regular
354,01/19/2023 - TOR @ MIN,MIN,01/19/2023,19,1,2023,22-23,a,L,0,1,206,148,0.582,20,26,0.435,240,126,46,87,52.9,14,28,50,20,27,74.1,8,30,38,26,8,6,16,19,regular
355,01/21/2023 - TOR vs. BOS,BOS,01/21/2023,21,1,2023,22-23,h,L,0,1,206,149,0.580,20,27,0.426,240,104,46,86,53.5,7,19,36.8,5,7,71.4,6,35,41,24,7,9,14,13,regular
356,01/22/2023 - TOR vs. NYK,NYK,01/22/2023,22,1,2023,22-23,h,W,1,0,207,149,0.581,21,27,0.438,240,125,41,90,45.6,15,34,44.1,28,35,80,17,28,45,21,12,4,7,20,regular
357,01/25/2023 - TOR @ SAC,SAC,01/25/2023,25,1,2023,22-23,a,W,1,0,208,149,0.583,22,27,0.449,240,113,48,97,49.5,12,40,30,5,7,71.4,11,30,41,28,12,8,9,17,regular
358,01/27/2023 - TOR @ GSW,GSW,01/27/2023,27,1,2023,22-23,a,L,0,1,208,150,0.581,22,28,0.44,240,117,46,101,45.5,12,33,36.4,13,21,61.9,14,32,46,24,5,4,10,17,regular
359,01/28/2023 - TOR @ POR,POR,01/28/2023,28,1,2023,22-23,a,W,1,0,209,150,0.582,23,28,0.451,240,123,48,92,52.2,10,30,33.3,17,18,94.4,15,30,45,24,6,3,6,18,regular
360,01/30/2023 - TOR @ PHX,PHX,01/30/2023,30,1,2023,22-23,a,L,0,1,209,151,0.581,23,29,0.442,240,106,40,89,44.9,9,33,27.3,17,19,89.5,16,28,44,19,9,4,13,19,regular
361,02/01/2023 - TOR @ UTA,UTA,02/01/2023,1,2,2023,22-23,a,L,0,1,209,152,0.579,23,30,0.434,240,128,50,110,45.5,10,23,43.5,18,26,69.2,25,27,52,27,11,2,7,22,regular
362,02/03/2023 - TOR @ HOU,HOU,02/03/2023,3,2,2023,22-23,a,W,1,0,210,152,0.580,24,30,0.444,240,117,41,90,45.6,15,39,38.5,20,27,74.1,13,30,43,21,9,7,9,25,regular
363,02/05/2023 - TOR @ MEM,MEM,02/05/2023,5,2,2023,22-23,a,W,1,0,211,152,0.581,25,30,0.455,240,106,44,101,43.6,11,36,30.6,7,12,58.3,11,31,42,24,11,3,11,16,regular
364,02/08/2023 - TOR vs. SAS,SAS,02/08/2023,8,2,2023,22-23,h,W,1,0,212,152,0.582,26,30,0.464,240,112,43,88,48.9,10,28,35.7,16,21,76.2,9,42,51,21,11,7,16,19,regular
365,02/10/2023 - TOR vs. UTA,UTA,02/10/2023,10,2,2023,22-23,h,L,0,1,212,153,0.581,26,31,0.456,240,116,41,91,45.1,12,34,35.3,22,30,73.3,9,31,40,28,11,3,13,30,regular
366,02/12/2023 - TOR vs. DET,DET,02/12/2023,12,2,2023,22-23,h,W,1,0,213,153,0.582,27,31,0.466,240,119,42,87,48.3,11,30,36.7,24,36,66.7,13,27,40,21,5,8,8,26,regular
367,02/14/2023 - TOR vs. ORL,ORL,02/14/2023,14,2,2023,22-23,h,W,1,0,214,153,0.583,28,31,0.475,240,123,50,83,60.2,8,24,33.3,15,20,75,13,27,40,31,9,11,18,16,regular
368,02/23/2023 - TOR vs. NOP,NOP,02/23/2023,23,2,2023,22-23,h,W,1,0,215,153,0.584,29,31,0.483,240,115,43,92,46.7,9,31,29,20,25,80,11,37,48,17,10,5,11,20,regular
369,02/25/2023 - TOR @ DET,DET,02/25/2023,25,2,2023,22-23,a,W,1,0,216,153,0.585,30,31,0.492,240,95,33,88,37.5,7,26,26.9,22,34,64.7,10,36,46,22,9,5,8,18,regular
370,02/26/2023 - TOR @ CLE,CLE,02/26/2023,26,2,2023,22-23,a,L,0,1,216,154,0.584,30,32,0.484,240,93,36,93,38.7,9,25,36,12,15,80,13,30,43,19,4,4,14,16,regular
371,02/28/2023 - TOR vs. CHI,CHI,02/28/2023,28,2,2023,22-23,h,W,1,0,217,154,0.585,31,32,0.492,240,104,38,94,40.4,15,42,35.7,13,19,68.4,19,28,47,26,11,6,11,17,regular
372,03/02/2023 - TOR @ WAS,WAS,03/02/2023,2,3,2023,22-23,a,L,0,1,217,155,0.583,31,33,0.484,240,108,41,92,44.6,9,33,27.3,17,17,100,13,30,43,28,8,7,14,21,regular
373,03/04/2023 - TOR @ WAS,WAS,03/04/2023,4,3,2023,22-23,a,W,1,0,218,155,0.584,32,33,0.492,265,116,47,90,52.2,12,30,40,10,14,71.4,10,24,34,30,14,4,14,21,regular
374,03/06/2023 - TOR @ DEN,DEN,03/06/2023,6,3,2023,22-23,a,L,0,1,218,156,0.583,32,34,0.485,240,113,43,86,50,10,27,37,17,20,85,11,30,41,29,6,4,15,20,regular
375,03/08/2023 - TOR @ LAC,LAC,03/08/2023,8,3,2023,22-23,a,L,0,1,218,157,0.581,32,35,0.478,240,100,37,96,38.5,13,32,40.6,13,14,92.9,15,26,41,21,12,2,12,23,regular
376,03/10/2023 - TOR @ LAL,LAL,03/10/2023,10,3,2023,22-23,a,L,0,1,218,158,0.580,32,36,0.471,240,112,46,92,50,10,28,35.7,10,13,76.9,10,27,37,29,14,3,13,16,regular
377,03/14/2023 - TOR vs. DEN,DEN,03/14/2023,14,3,2023,22-23,h,W,1,0,219,158,0.581,33,36,0.478,240,125,49,93,52.7,12,30,40,15,17,88.2,14,30,44,25,10,2,11,18,regular
378,03/16/2023 - TOR vs. OKC,OKC,03/16/2023,16,3,2023,22-23,h,W,1,0,220,158,0.582,34,36,0.486,240,128,47,97,48.5,14,32,43.8,20,28,71.4,19,40,59,29,10,6,10,20,regular
379,03/18/2023 - TOR vs. MIN,MIN,03/18/2023,18,3,2023,22-23,h,W,1,0,221,158,0.583,35,36,0.493,240,122,48,90,53.3,9,27,33.3,17,21,81,9,36,45,23,11,3,15,25,regular
380,03/19/2023 - TOR @ MIL,MIL,03/19/2023,19,3,2023,22-23,a,L,0,1,221,159,0.582,35,37,0.486,240,111,44,99,44.4,14,34,41.2,9,12,75,9,32,41,25,6,4,7,15,regular
381,03/22/2023 - TOR vs. IND,IND,03/22/2023,22,3,2023,22-23,h,L,0,1,221,160,0.580,35,38,0.479,240,114,39,89,43.8,7,34,20.6,29,39,74.4,13,27,40,21,11,7,10,22,regular
382,03/24/2023 - TOR vs. DET,DET,03/24/2023,24,3,2023,22-23,h,W,1,0,222,160,0.581,36,38,0.486,240,118,41,92,44.6,13,37,35.1,23,29,79.3,15,31,46,25,12,9,11,24,regular
383,03/26/2023 - TOR vs. WAS,WAS,03/26/2023,26,3,2023,22-23,h,W,1,0,223,160,0.582,37,38,0.493,240,114,45,98,45.9,11,31,35.5,13,16,81.3,18,35,53,22,13,6,11,19,regular
384,03/28/2023 - TOR vs. MIA,MIA,03/28/2023,28,3,2023,22-23,h,W,1,0,224,160,0.583,38,38,0.5,240,106,45,93,48.4,8,36,22.2,8,9,88.9,15,32,47,32,8,7,9,13,regular
385,03/31/2023 - TOR @ PHI,PHI,03/31/2023,31,3,2023,22-23,a,L,0,1,224,161,0.582,38,39,0.494,240,110,42,84,50,8,26,30.8,18,23,78.3,14,20,34,26,6,3,13,19,regular
386,04/02/2023 - TOR @ CHA,CHA,04/02/2023,2,4,2023,22-23,a,W,1,0,225,161,0.583,39,39,0.5,240,128,56,104,53.8,8,28,28.6,8,8,100,15,30,45,38,8,6,7,14,regular
387,04/04/2023 - TOR @ CHA,CHA,04/04/2023,4,4,2023,22-23,a,W,1,0,226,161,0.584,40,39,0.506,240,120,42,88,47.7,15,33,45.5,21,28,75,10,31,41,27,13,7,6,18,regular
388,04/05/2023 - TOR @ BOS,BOS,04/05/2023,5,4,2023,22-23,a,L,0,1,226,162,0.582,40,40,0.5,240,93,37,90,41.1,6,33,18.2,13,17,76.5,13,37,50,20,10,7,11,19,regular
389,04/07/2023 - TOR @ BOS,BOS,04/07/2023,7,4,2023,22-23,a,L,0,1,226,163,0.581,40,41,0.494,240,102,40,93,43,9,31,29,13,17,76.5,12,23,35,21,12,2,7,17,regular
390,04/09/2023 - TOR vs. MIL,MIL,04/09/2023,9,4,2023,22-23,h,W,1,0,227,163,0.582,41,41,0.5,240,121,48,95,50.5,11,33,33.3,14,16,87.5,7,38,45,29,8,2,9,19,regular